{
  "title": "Serangan Cyber",
  "date": "2024-10-13T17:00:00.000Z",
  "description": "Artikel ini mengulas tentang serangan cyber yang menggunakan malware, mencakup pengertian malware, jenis-jenisnya, dan dampaknya pada perangkat yang terinfeksi. Artikel ini juga memberikan contoh sepuluh negara yang menjadi target serangan cyber, lengkap dengan informasi serangan, jenis malware, dan langkah antisipasi yang diambil.",
  "body": {
    "raw": "\r\n### 1. Apa itu Malware\r\n\r\n**Malware** merupakan singkatan dari malicious software atau perangkat lunak jahat, yang dirancang untuk menginfeksi, merusak, atau mengakses sistem komputer tanpa izin pengguna. Malware mencakup berbagai jenis program berbahaya yang dapat mengakibatkan pencurian data, sabotase sistem, atau penggunaan perangkat untuk tujuan jahat.\r\n\r\n### 2. Jenis-Jenis Malware\r\n\r\nBeberapa jenis malware yang sering ditemui dalam serangan cyber antara lain:\r\n\r\n* **Virus**: Program berbahaya yang menempel pada file atau perangkat lunak dan menyebar ketika program tersebut dijalankan.\r\n\r\n* **Worm**: Malware yang dapat mereplikasi diri dan menyebar dari satu komputer ke komputer lain tanpa perlu dilampirkan pada program.\r\n\r\n* **Trojan Horse**: Malware yang menyamar sebagai perangkat lunak yang sah, namun saat diinstal, membuka pintu belakang (backdoor) bagi penyerang.\r\n\r\n* **Ransomware**: Malware yang mengenkripsi data pengguna, meminta uang tebusan untuk memulihkan akses.\r\n\r\n* **Spyware**: Malware yang secara diam-diam memonitor aktivitas pengguna dan mengirimkan informasi tersebut ke pihak ketiga.\r\n\r\n* **Adware**: Malware yang menampilkan iklan-iklan secara terus-menerus atau mencuri data dari pengguna untuk tujuan pemasaran.\r\n\r\n* **Rootkit**: Perangkat lunak yang dirancang untuk menyembunyikan keberadaan malware di dalam sistem.\r\n\r\n### 3. Hubungan Malware Dengan Serangan Cyber\r\n\r\n<Image\r\n  alt={`gambar ilustrasi serangan siber`}\r\n  src={`/hacker.webp`}\r\n  width={1440}\r\n  height={960}\r\n  priority\r\n/>\r\n\r\nMalware sering digunakan sebagai alat utama dalam serangan cyber. Serangan cyber adalah upaya yang disengaja untuk merusak, mencuri, atau mengakses data yang dilindungi melalui jaringan komputer. Malware adalah salah satu metode utama yang digunakan penyerang untuk melakukan pencurian data, penyanderaan sistem (ransomware), atau bahkan sabotase infrastruktur kritis.\r\n\r\n### 4. Ciri-Ciri Perangkat yang Terkena Serangan Cyber\r\n\r\nTanda-tanda bahwa perangkat kamu mungkin telah terkena serangan cyber melalui malware termasuk:\r\n\r\n* Kinerja komputer yang tiba-tiba menurun.\r\n\r\n* Pop-up iklan yang tidak diinginkan.\r\n\r\n* Aktivitas jaringan yang tidak biasa.\r\n\r\n* Sistem operasi atau aplikasi sering mengalami crash atau macet.\r\n\r\n* Pengaturan atau aplikasi yang berubah tanpa izin pengguna.\r\n\r\n### 5. Contoh Negara yang Pernah Terkena Serangan Cyber\r\n\r\nBerikut beberapa negara yang pernah terkena serangan cyber besar, beserta informasi penyerangan dan langkah antisipasi:\r\n\r\n**a. Amerika Serikat – Serangan SolarWinds (2020)**\r\n\r\n* **Jenis Serangan**: Supply Chain Attack\r\n\r\n* **Target Serangan**: Berbagai lembaga pemerintah AS dan perusahaan besar.\r\n\r\n* **Deskripsi**: Serangan ini memanfaatkan perangkat lunak SolarWinds untuk menyusup ke jaringan dan mencuri data sensitif.\r\n\r\n* **Antisipasi**: Investigasi besar-besaran, pembaruan perangkat lunak, peningkatan keamanan jaringan.\r\n\r\n* **Waktu dan Sumber Berita**: Desember 2020, The New York Times.\r\n\r\n**b. Estonia – Serangan DDoS (2007)**\r\n\r\n* **Jenis Serangan**: Distributed Denial of Service (DDoS)\r\n\r\n* **Target Serangan**: Infrastruktur internet, layanan perbankan, dan pemerintahan Estonia.\r\n\r\n* **Deskripsi**: Serangan melumpuhkan internet Estonia selama hampir tiga minggu.\r\n\r\n* **Antisipasi**: Estonia memperkuat keamanan sibernya dan menjadi pelopor pertahanan siber di Eropa.\r\nWaktu dan Sumber Berita: April 2007, BBC News.\r\n\r\n**c. Iran – Serangan Stuxnet (2010)**\r\n\r\n* **Jenis Serangan**: Worm\r\n\r\n* **Target Serangan**: Sistem kontrol industri yang digunakan dalam program nuklir Iran.\r\n\r\n* **Deskripsi**: Worm Stuxnet merusak program nuklir Iran dengan memodifikasi operasi di fasilitas tersebut.\r\n\r\n* **Antisipasi**: Iran memperkuat keamanan sibernya untuk melindungi infrastruktur kritis.\r\n\r\n* **Waktu dan Sumber Berita**: Juli 2010, The Guardian.\r\n\r\n**d. Ukraina – Serangan BlackEnergy (2015)**\r\n\r\n* **Jenis Serangan**: Malware yang menargetkan infrastruktur listrik.\r\n\r\n* **Target Serangan**: Sistem tenaga listrik Ukraina.\r\n\r\n* **Deskripsi**: Serangan ini menyebabkan pemadaman listrik di sebagian besar wilayah Ukraina.\r\n\r\n* **Antisipasi**: Kerjasama dengan negara-negara Barat untuk memperkuat keamanan jaringan energi.\r\n\r\n* **Waktu dan Sumber Berita**: Desember 2015, Reuters.\r\n\r\n**e. Korea Selatan – Serangan Lazarus Group (2014)**\r\n\r\n* **Jenis Serangan**: Cyber Espionage dan Sabotase\r\n\r\n* **Target Serangan**: Sony Pictures, sebuah perusahaan hiburan di AS.\r\n\r\n* **Deskripsi**: Serangan ini diluncurkan sebagai balasan terhadap film The Interview, yang dianggap menghina pemerintah Korea Utara.\r\n\r\n* **Antisipasi**: Investigasi bersama pemerintah AS, pemulihan data, dan peningkatan keamanan sistem.\r\n\r\n* **Waktu dan Sumber Berita**: November 2014, CNN.\r\n\r\n**f. India – Serangan Waspada ATM (2018)**\r\n\r\n* **Jenis Serangan**: Fraud dan Phishing\r\n\r\n* **Target Serangan**: Bank dan lembaga keuangan India.\r\n\r\n* **Deskripsi**: Serangan besar-besaran ini menyebabkan kebocoran data lebih dari 32 juta kartu bank.\r\n\r\n* **Antisipasi**: India meningkatkan pengamanan bank dan teknologi deteksi fraud.\r\n\r\n* **Waktu dan Sumber Berita**: Oktober 2018, The Economic Times.\r\n\r\n**g. Inggris – Serangan WannaCry Ransomware (2017)**\r\n\r\n* **Jenis Serangan**: Ransomware\r\n\r\n* **Target Serangan**: National Health Service (NHS) Inggris.\r\n\r\n* **Deskripsi**: Serangan ransomware WannaCry melumpuhkan rumah sakit dan menyebabkan gangguan besar dalam pelayanan kesehatan.\r\n\r\n* **Antisipasi**: NHS dan pemerintah Inggris memperbarui sistem operasi dan memperkuat pertahanan digital.\r\n\r\n* **Waktu dan Sumber Berita**: Mei 2017, BBC News.\r\n\r\n**h. Jerman – Serangan Bundestag (2015)**\r\n\r\n* **Jenis Serangan**: Cyber Espionage\r\n\r\n* **Target Serangan**: Parlemen Jerman (Bundestag).\r\n\r\n* **Deskripsi**: Serangan cyber berhasil mengakses data sensitif milik anggota parlemen Jerman.\r\n\r\n* **Antisipasi**: Penguatan sistem keamanan di parlemen dan peningkatan kewaspadaan terhadap ancaman cyber.\r\n\r\n* **Waktu dan Sumber Berita**: Mei 2015, Deutsche Welle.\r\n\r\n**i. Australia – Serangan pada Sistem Pemerintahan (2020)**\r\n\r\n* **Jenis Serangan**: Cyber Espionage\r\n\r\n* **Target Serangan**: Jaringan pemerintah dan organisasi utama Australia.\r\n\r\n* **Deskripsi**: Serangan yang kompleks ini diduga melibatkan aktor negara dan menyasar lembaga pemerintahan.\r\n\r\n* **Antisipasi**: Peningkatan kolaborasi dengan sekutu untuk memperkuat pertahanan cyber Australia.\r\n\r\n* **Waktu dan Sumber Berita**: Juni 2020, The Guardian.\r\n\r\n**j. Kanada – Serangan pada Sektor Energi (2021)**\r\n\r\n* **Jenis Serangan**: Ransomware\r\n\r\n* **Target Serangan**: Jaringan pipa dan infrastruktur energi Kanada.\r\n\r\n* **Deskripsi**: Serangan ransomware melumpuhkan jaringan energi dan menimbulkan gangguan operasional.\r\n\r\n* **Antisipasi**: Kanada meningkatkan keamanan jaringan energi dan berinvestasi dalam teknologi pertahanan cyber.\r\n\r\n* **Waktu dan Sumber Berita**: Maret 2021, CBC News.\r\n\r\nGo back [Home](/).\r\n",
    "code": "var Component=(()=>{var un=Object.create;var O=Object.defineProperty;var mn=Object.getOwnPropertyDescriptor;var fn=Object.getOwnPropertyNames;var bn=Object.getPrototypeOf,sn=Object.prototype.hasOwnProperty;var K=(u,e)=>()=>(e||u((e={exports:{}}).exports,e),e.exports),pn=(u,e)=>{for(var s in e)O(u,s,{get:e[s],enumerable:!0})},ge=(u,e,s,x)=>{if(e&&typeof e==\"object\"||typeof e==\"function\")for(let h of fn(e))!sn.call(u,h)&&h!==s&&O(u,h,{get:()=>e[h],enumerable:!(x=mn(e,h))||x.enumerable});return u};var cn=(u,e,s)=>(s=u!=null?un(bn(u)):{},ge(e||!u||!u.__esModule?O(s,\"default\",{value:u,enumerable:!0}):s,u)),_n=u=>ge(O({},\"__esModule\",{value:!0}),u);var Fe=K((Fn,ye)=>{ye.exports=React});var ke=K(G=>{\"use strict\";(function(){\"use strict\";var u=Fe(),e=Symbol.for(\"react.element\"),s=Symbol.for(\"react.portal\"),x=Symbol.for(\"react.fragment\"),h=Symbol.for(\"react.strict_mode\"),H=Symbol.for(\"react.profiler\"),z=Symbol.for(\"react.provider\"),q=Symbol.for(\"react.context\"),w=Symbol.for(\"react.forward_ref\"),A=Symbol.for(\"react.suspense\"),I=Symbol.for(\"react.suspense_list\"),R=Symbol.for(\"react.memo\"),W=Symbol.for(\"react.lazy\"),Re=Symbol.for(\"react.offscreen\"),X=Symbol.iterator,Te=\"@@iterator\";function je(r){if(r===null||typeof r!=\"object\")return null;var i=X&&r[X]||r[Te];return typeof i==\"function\"?i:null}var y=u.__SECRET_INTERNALS_DO_NOT_USE_OR_YOU_WILL_BE_FIRED;function p(r){{for(var i=arguments.length,o=new Array(i>1?i-1:0),d=1;d<i;d++)o[d-1]=arguments[d];Ce(\"error\",r,o)}}function Ce(r,i,o){{var d=y.ReactDebugCurrentFrame,l=d.getStackAddendum();l!==\"\"&&(i+=\"%s\",o=o.concat([l]));var m=o.map(function(a){return String(a)});m.unshift(\"Warning: \"+i),Function.prototype.apply.call(console[r],console,m)}}var Pe=!1,De=!1,Oe=!1,Ae=!1,Ie=!1,Z;Z=Symbol.for(\"react.module.reference\");function We(r){return!!(typeof r==\"string\"||typeof r==\"function\"||r===x||r===H||Ie||r===h||r===A||r===I||Ae||r===Re||Pe||De||Oe||typeof r==\"object\"&&r!==null&&(r.$$typeof===W||r.$$typeof===R||r.$$typeof===z||r.$$typeof===q||r.$$typeof===w||r.$$typeof===Z||r.getModuleId!==void 0))}function Me(r,i,o){var d=r.displayName;if(d)return d;var l=i.displayName||i.name||\"\";return l!==\"\"?o+\"(\"+l+\")\":o}function Q(r){return r.displayName||\"Context\"}function N(r){if(r==null)return null;if(typeof r.tag==\"number\"&&p(\"Received an unexpected object in getComponentNameFromType(). This is likely a bug in React. Please file an issue.\"),typeof r==\"function\")return r.displayName||r.name||null;if(typeof r==\"string\")return r;switch(r){case x:return\"Fragment\";case s:return\"Portal\";case H:return\"Profiler\";case h:return\"StrictMode\";case A:return\"Suspense\";case I:return\"SuspenseList\"}if(typeof r==\"object\")switch(r.$$typeof){case q:var i=r;return Q(i)+\".Consumer\";case z:var o=r;return Q(o._context)+\".Provider\";case w:return Me(r,r.render,\"ForwardRef\");case R:var d=r.displayName||null;return d!==null?d:N(r.type)||\"Memo\";case W:{var l=r,m=l._payload,a=l._init;try{return N(a(m))}catch{return null}}}return null}var g=Object.assign,S=0,ee,ne,re,ie,oe,de,te;function ae(){}ae.__reactDisabledLog=!0;function Be(){{if(S===0){ee=console.log,ne=console.info,re=console.warn,ie=console.error,oe=console.group,de=console.groupCollapsed,te=console.groupEnd;var r={configurable:!0,enumerable:!0,value:ae,writable:!0};Object.defineProperties(console,{info:r,log:r,warn:r,error:r,group:r,groupCollapsed:r,groupEnd:r})}S++}}function Ye(){{if(S--,S===0){var r={configurable:!0,enumerable:!0,writable:!0};Object.defineProperties(console,{log:g({},r,{value:ee}),info:g({},r,{value:ne}),warn:g({},r,{value:re}),error:g({},r,{value:ie}),group:g({},r,{value:oe}),groupCollapsed:g({},r,{value:de}),groupEnd:g({},r,{value:te})})}S<0&&p(\"disabledDepth fell below zero. This is a bug in React. Please file an issue.\")}}var M=y.ReactCurrentDispatcher,B;function T(r,i,o){{if(B===void 0)try{throw Error()}catch(l){var d=l.stack.trim().match(/\\n( *(at )?)/);B=d&&d[1]||\"\"}return`\n`+B+r}}var Y=!1,j;{var $e=typeof WeakMap==\"function\"?WeakMap:Map;j=new $e}function le(r,i){if(!r||Y)return\"\";{var o=j.get(r);if(o!==void 0)return o}var d;Y=!0;var l=Error.prepareStackTrace;Error.prepareStackTrace=void 0;var m;m=M.current,M.current=null,Be();try{if(i){var a=function(){throw Error()};if(Object.defineProperty(a.prototype,\"props\",{set:function(){throw Error()}}),typeof Reflect==\"object\"&&Reflect.construct){try{Reflect.construct(a,[])}catch(v){d=v}Reflect.construct(r,[],a)}else{try{a.call()}catch(v){d=v}r.call(a.prototype)}}else{try{throw Error()}catch(v){d=v}r()}}catch(v){if(v&&d&&typeof v.stack==\"string\"){for(var t=v.stack.split(`\n`),c=d.stack.split(`\n`),f=t.length-1,b=c.length-1;f>=1&&b>=0&&t[f]!==c[b];)b--;for(;f>=1&&b>=0;f--,b--)if(t[f]!==c[b]){if(f!==1||b!==1)do if(f--,b--,b<0||t[f]!==c[b]){var _=`\n`+t[f].replace(\" at new \",\" at \");return r.displayName&&_.includes(\"<anonymous>\")&&(_=_.replace(\"<anonymous>\",r.displayName)),typeof r==\"function\"&&j.set(r,_),_}while(f>=1&&b>=0);break}}}finally{Y=!1,M.current=m,Ye(),Error.prepareStackTrace=l}var k=r?r.displayName||r.name:\"\",xe=k?T(k):\"\";return typeof r==\"function\"&&j.set(r,xe),xe}function Je(r,i,o){return le(r,!1)}function Ve(r){var i=r.prototype;return!!(i&&i.isReactComponent)}function C(r,i,o){if(r==null)return\"\";if(typeof r==\"function\")return le(r,Ve(r));if(typeof r==\"string\")return T(r);switch(r){case A:return T(\"Suspense\");case I:return T(\"SuspenseList\")}if(typeof r==\"object\")switch(r.$$typeof){case w:return Je(r.render);case R:return C(r.type,i,o);case W:{var d=r,l=d._payload,m=d._init;try{return C(m(l),i,o)}catch{}}}return\"\"}var P=Object.prototype.hasOwnProperty,ue={},me=y.ReactDebugCurrentFrame;function D(r){if(r){var i=r._owner,o=C(r.type,r._source,i?i.type:null);me.setExtraStackFrame(o)}else me.setExtraStackFrame(null)}function Ue(r,i,o,d,l){{var m=Function.call.bind(P);for(var a in r)if(m(r,a)){var t=void 0;try{if(typeof r[a]!=\"function\"){var c=Error((d||\"React class\")+\": \"+o+\" type `\"+a+\"` is invalid; it must be a function, usually from the `prop-types` package, but received `\"+typeof r[a]+\"`.This often happens because of typos such as `PropTypes.function` instead of `PropTypes.func`.\");throw c.name=\"Invariant Violation\",c}t=r[a](i,a,d,o,null,\"SECRET_DO_NOT_PASS_THIS_OR_YOU_WILL_BE_FIRED\")}catch(f){t=f}t&&!(t instanceof Error)&&(D(l),p(\"%s: type specification of %s `%s` is invalid; the type checker function must return `null` or an `Error` but returned a %s. You may have forgotten to pass an argument to the type checker creator (arrayOf, instanceOf, objectOf, oneOf, oneOfType, and shape all require an argument).\",d||\"React class\",o,a,typeof t),D(null)),t instanceof Error&&!(t.message in ue)&&(ue[t.message]=!0,D(l),p(\"Failed %s type: %s\",o,t.message),D(null))}}}var Le=Array.isArray;function $(r){return Le(r)}function Ke(r){{var i=typeof Symbol==\"function\"&&Symbol.toStringTag,o=i&&r[Symbol.toStringTag]||r.constructor.name||\"Object\";return o}}function Ge(r){try{return fe(r),!1}catch{return!0}}function fe(r){return\"\"+r}function be(r){if(Ge(r))return p(\"The provided key is an unsupported type %s. This value must be coerced to a string before before using it here.\",Ke(r)),fe(r)}var E=y.ReactCurrentOwner,He={key:!0,ref:!0,__self:!0,__source:!0},se,pe,J;J={};function ze(r){if(P.call(r,\"ref\")){var i=Object.getOwnPropertyDescriptor(r,\"ref\").get;if(i&&i.isReactWarning)return!1}return r.ref!==void 0}function qe(r){if(P.call(r,\"key\")){var i=Object.getOwnPropertyDescriptor(r,\"key\").get;if(i&&i.isReactWarning)return!1}return r.key!==void 0}function Xe(r,i){if(typeof r.ref==\"string\"&&E.current&&i&&E.current.stateNode!==i){var o=N(E.current.type);J[o]||(p('Component \"%s\" contains the string ref \"%s\". Support for string refs will be removed in a future major release. This case cannot be automatically converted to an arrow function. We ask you to manually fix this case by using useRef() or createRef() instead. Learn more about using refs safely here: https://reactjs.org/link/strict-mode-string-ref',N(E.current.type),r.ref),J[o]=!0)}}function Ze(r,i){{var o=function(){se||(se=!0,p(\"%s: `key` is not a prop. Trying to access it will result in `undefined` being returned. If you need to access the same value within the child component, you should pass it as a different prop. (https://reactjs.org/link/special-props)\",i))};o.isReactWarning=!0,Object.defineProperty(r,\"key\",{get:o,configurable:!0})}}function Qe(r,i){{var o=function(){pe||(pe=!0,p(\"%s: `ref` is not a prop. Trying to access it will result in `undefined` being returned. If you need to access the same value within the child component, you should pass it as a different prop. (https://reactjs.org/link/special-props)\",i))};o.isReactWarning=!0,Object.defineProperty(r,\"ref\",{get:o,configurable:!0})}}var en=function(r,i,o,d,l,m,a){var t={$$typeof:e,type:r,key:i,ref:o,props:a,_owner:m};return t._store={},Object.defineProperty(t._store,\"validated\",{configurable:!1,enumerable:!1,writable:!0,value:!1}),Object.defineProperty(t,\"_self\",{configurable:!1,enumerable:!1,writable:!1,value:d}),Object.defineProperty(t,\"_source\",{configurable:!1,enumerable:!1,writable:!1,value:l}),Object.freeze&&(Object.freeze(t.props),Object.freeze(t)),t};function nn(r,i,o,d,l){{var m,a={},t=null,c=null;o!==void 0&&(be(o),t=\"\"+o),qe(i)&&(be(i.key),t=\"\"+i.key),ze(i)&&(c=i.ref,Xe(i,l));for(m in i)P.call(i,m)&&!He.hasOwnProperty(m)&&(a[m]=i[m]);if(r&&r.defaultProps){var f=r.defaultProps;for(m in f)a[m]===void 0&&(a[m]=f[m])}if(t||c){var b=typeof r==\"function\"?r.displayName||r.name||\"Unknown\":r;t&&Ze(a,b),c&&Qe(a,b)}return en(r,t,c,l,d,E.current,a)}}var V=y.ReactCurrentOwner,ce=y.ReactDebugCurrentFrame;function F(r){if(r){var i=r._owner,o=C(r.type,r._source,i?i.type:null);ce.setExtraStackFrame(o)}else ce.setExtraStackFrame(null)}var U;U=!1;function L(r){return typeof r==\"object\"&&r!==null&&r.$$typeof===e}function _e(){{if(V.current){var r=N(V.current.type);if(r)return`\n\nCheck the render method of \\``+r+\"`.\"}return\"\"}}function rn(r){{if(r!==void 0){var i=r.fileName.replace(/^.*[\\\\\\/]/,\"\"),o=r.lineNumber;return`\n\nCheck your code at `+i+\":\"+o+\".\"}return\"\"}}var Ne={};function on(r){{var i=_e();if(!i){var o=typeof r==\"string\"?r:r.displayName||r.name;o&&(i=`\n\nCheck the top-level render call using <`+o+\">.\")}return i}}function ve(r,i){{if(!r._store||r._store.validated||r.key!=null)return;r._store.validated=!0;var o=on(i);if(Ne[o])return;Ne[o]=!0;var d=\"\";r&&r._owner&&r._owner!==V.current&&(d=\" It was passed a child from \"+N(r._owner.type)+\".\"),F(r),p('Each child in a list should have a unique \"key\" prop.%s%s See https://reactjs.org/link/warning-keys for more information.',o,d),F(null)}}function he(r,i){{if(typeof r!=\"object\")return;if($(r))for(var o=0;o<r.length;o++){var d=r[o];L(d)&&ve(d,i)}else if(L(r))r._store&&(r._store.validated=!0);else if(r){var l=je(r);if(typeof l==\"function\"&&l!==r.entries)for(var m=l.call(r),a;!(a=m.next()).done;)L(a.value)&&ve(a.value,i)}}}function dn(r){{var i=r.type;if(i==null||typeof i==\"string\")return;var o;if(typeof i==\"function\")o=i.propTypes;else if(typeof i==\"object\"&&(i.$$typeof===w||i.$$typeof===R))o=i.propTypes;else return;if(o){var d=N(i);Ue(o,r.props,\"prop\",d,r)}else if(i.PropTypes!==void 0&&!U){U=!0;var l=N(i);p(\"Component %s declared `PropTypes` instead of `propTypes`. Did you misspell the property assignment?\",l||\"Unknown\")}typeof i.getDefaultProps==\"function\"&&!i.getDefaultProps.isReactClassApproved&&p(\"getDefaultProps is only used on classic React.createClass definitions. Use a static property named `defaultProps` instead.\")}}function tn(r){{for(var i=Object.keys(r.props),o=0;o<i.length;o++){var d=i[o];if(d!==\"children\"&&d!==\"key\"){F(r),p(\"Invalid prop `%s` supplied to `React.Fragment`. React.Fragment can only have `key` and `children` props.\",d),F(null);break}}r.ref!==null&&(F(r),p(\"Invalid attribute `ref` supplied to `React.Fragment`.\"),F(null))}}function an(r,i,o,d,l,m){{var a=We(r);if(!a){var t=\"\";(r===void 0||typeof r==\"object\"&&r!==null&&Object.keys(r).length===0)&&(t+=\" You likely forgot to export your component from the file it's defined in, or you might have mixed up default and named imports.\");var c=rn(l);c?t+=c:t+=_e();var f;r===null?f=\"null\":$(r)?f=\"array\":r!==void 0&&r.$$typeof===e?(f=\"<\"+(N(r.type)||\"Unknown\")+\" />\",t=\" Did you accidentally export a JSX literal instead of a component?\"):f=typeof r,p(\"React.jsx: type is invalid -- expected a string (for built-in components) or a class/function (for composite components) but got: %s.%s\",f,t)}var b=nn(r,i,o,l,m);if(b==null)return b;if(a){var _=i.children;if(_!==void 0)if(d)if($(_)){for(var k=0;k<_.length;k++)he(_[k],r);Object.freeze&&Object.freeze(_)}else p(\"React.jsx: Static children should always be an array. You are likely explicitly calling React.jsxs or React.jsxDEV. Use the Babel transform instead.\");else he(_,r)}return r===x?tn(b):dn(b),b}}var ln=an;G.Fragment=x,G.jsxDEV=ln})()});var Ee=K((Sn,Se)=>{\"use strict\";Se.exports=ke()});var gn={};pn(gn,{default:()=>hn,frontmatter:()=>Nn});var n=cn(Ee()),Nn={title:\"Serangan Cyber\",description:\"Artikel ini mengulas tentang serangan cyber yang menggunakan malware, mencakup pengertian malware, jenis-jenisnya, dan dampaknya pada perangkat yang terinfeksi. Artikel ini juga memberikan contoh sepuluh negara yang menjadi target serangan cyber, lengkap dengan informasi serangan, jenis malware, dan langkah antisipasi yang diambil.\",date:new Date(1728864e6)};function we(u){let e=Object.assign({h3:\"h3\",a:\"a\",span:\"span\",p:\"p\",strong:\"strong\",ul:\"ul\",li:\"li\"},u.components),{Image:s}=e;return s||xn(\"Image\",!0,\"31:1-37:3\"),(0,n.jsxDEV)(n.Fragment,{children:[(0,n.jsxDEV)(e.h3,{id:\"1-apa-itu-malware\",children:[(0,n.jsxDEV)(e.a,{className:\"anchor\",href:\"#1-apa-itu-malware\",children:(0,n.jsxDEV)(e.span,{className:\"icon icon-link\"},void 0,!1,{fileName:\"F:\\\\portfolio v2\\\\portfolio-v2\\\\posts\\\\_mdx_bundler_entry_point-2e205166-b504-4dce-8abd-5bed63f57ad3.mdx\"},this)},void 0,!1,{fileName:\"F:\\\\portfolio v2\\\\portfolio-v2\\\\posts\\\\_mdx_bundler_entry_point-2e205166-b504-4dce-8abd-5bed63f57ad3.mdx\"},this),\"1. Apa itu Malware\"]},void 0,!0,{fileName:\"F:\\\\portfolio v2\\\\portfolio-v2\\\\posts\\\\_mdx_bundler_entry_point-2e205166-b504-4dce-8abd-5bed63f57ad3.mdx\",lineNumber:7,columnNumber:1},this),`\n`,(0,n.jsxDEV)(e.p,{children:[(0,n.jsxDEV)(e.strong,{children:\"Malware\"},void 0,!1,{fileName:\"F:\\\\portfolio v2\\\\portfolio-v2\\\\posts\\\\_mdx_bundler_entry_point-2e205166-b504-4dce-8abd-5bed63f57ad3.mdx\",lineNumber:9,columnNumber:1},this),\" merupakan singkatan dari malicious software atau perangkat lunak jahat, yang dirancang untuk menginfeksi, merusak, atau mengakses sistem komputer tanpa izin pengguna. Malware mencakup berbagai jenis program berbahaya yang dapat mengakibatkan pencurian data, sabotase sistem, atau penggunaan perangkat untuk tujuan jahat.\"]},void 0,!0,{fileName:\"F:\\\\portfolio v2\\\\portfolio-v2\\\\posts\\\\_mdx_bundler_entry_point-2e205166-b504-4dce-8abd-5bed63f57ad3.mdx\",lineNumber:9,columnNumber:1},this),`\n`,(0,n.jsxDEV)(e.h3,{id:\"2-jenis-jenis-malware\",children:[(0,n.jsxDEV)(e.a,{className:\"anchor\",href:\"#2-jenis-jenis-malware\",children:(0,n.jsxDEV)(e.span,{className:\"icon icon-link\"},void 0,!1,{fileName:\"F:\\\\portfolio v2\\\\portfolio-v2\\\\posts\\\\_mdx_bundler_entry_point-2e205166-b504-4dce-8abd-5bed63f57ad3.mdx\"},this)},void 0,!1,{fileName:\"F:\\\\portfolio v2\\\\portfolio-v2\\\\posts\\\\_mdx_bundler_entry_point-2e205166-b504-4dce-8abd-5bed63f57ad3.mdx\"},this),\"2. Jenis-Jenis Malware\"]},void 0,!0,{fileName:\"F:\\\\portfolio v2\\\\portfolio-v2\\\\posts\\\\_mdx_bundler_entry_point-2e205166-b504-4dce-8abd-5bed63f57ad3.mdx\",lineNumber:11,columnNumber:1},this),`\n`,(0,n.jsxDEV)(e.p,{children:\"Beberapa jenis malware yang sering ditemui dalam serangan cyber antara lain:\"},void 0,!1,{fileName:\"F:\\\\portfolio v2\\\\portfolio-v2\\\\posts\\\\_mdx_bundler_entry_point-2e205166-b504-4dce-8abd-5bed63f57ad3.mdx\",lineNumber:13,columnNumber:1},this),`\n`,(0,n.jsxDEV)(e.ul,{children:[`\n`,(0,n.jsxDEV)(e.li,{children:[`\n`,(0,n.jsxDEV)(e.p,{children:[(0,n.jsxDEV)(e.strong,{children:\"Virus\"},void 0,!1,{fileName:\"F:\\\\portfolio v2\\\\portfolio-v2\\\\posts\\\\_mdx_bundler_entry_point-2e205166-b504-4dce-8abd-5bed63f57ad3.mdx\",lineNumber:15,columnNumber:3},this),\": Program berbahaya yang menempel pada file atau perangkat lunak dan menyebar ketika program tersebut dijalankan.\"]},void 0,!0,{fileName:\"F:\\\\portfolio v2\\\\portfolio-v2\\\\posts\\\\_mdx_bundler_entry_point-2e205166-b504-4dce-8abd-5bed63f57ad3.mdx\",lineNumber:15,columnNumber:3},this),`\n`]},void 0,!0,{fileName:\"F:\\\\portfolio v2\\\\portfolio-v2\\\\posts\\\\_mdx_bundler_entry_point-2e205166-b504-4dce-8abd-5bed63f57ad3.mdx\",lineNumber:15,columnNumber:1},this),`\n`,(0,n.jsxDEV)(e.li,{children:[`\n`,(0,n.jsxDEV)(e.p,{children:[(0,n.jsxDEV)(e.strong,{children:\"Worm\"},void 0,!1,{fileName:\"F:\\\\portfolio v2\\\\portfolio-v2\\\\posts\\\\_mdx_bundler_entry_point-2e205166-b504-4dce-8abd-5bed63f57ad3.mdx\",lineNumber:17,columnNumber:3},this),\": Malware yang dapat mereplikasi diri dan menyebar dari satu komputer ke komputer lain tanpa perlu dilampirkan pada program.\"]},void 0,!0,{fileName:\"F:\\\\portfolio v2\\\\portfolio-v2\\\\posts\\\\_mdx_bundler_entry_point-2e205166-b504-4dce-8abd-5bed63f57ad3.mdx\",lineNumber:17,columnNumber:3},this),`\n`]},void 0,!0,{fileName:\"F:\\\\portfolio v2\\\\portfolio-v2\\\\posts\\\\_mdx_bundler_entry_point-2e205166-b504-4dce-8abd-5bed63f57ad3.mdx\",lineNumber:17,columnNumber:1},this),`\n`,(0,n.jsxDEV)(e.li,{children:[`\n`,(0,n.jsxDEV)(e.p,{children:[(0,n.jsxDEV)(e.strong,{children:\"Trojan Horse\"},void 0,!1,{fileName:\"F:\\\\portfolio v2\\\\portfolio-v2\\\\posts\\\\_mdx_bundler_entry_point-2e205166-b504-4dce-8abd-5bed63f57ad3.mdx\",lineNumber:19,columnNumber:3},this),\": Malware yang menyamar sebagai perangkat lunak yang sah, namun saat diinstal, membuka pintu belakang (backdoor) bagi penyerang.\"]},void 0,!0,{fileName:\"F:\\\\portfolio v2\\\\portfolio-v2\\\\posts\\\\_mdx_bundler_entry_point-2e205166-b504-4dce-8abd-5bed63f57ad3.mdx\",lineNumber:19,columnNumber:3},this),`\n`]},void 0,!0,{fileName:\"F:\\\\portfolio v2\\\\portfolio-v2\\\\posts\\\\_mdx_bundler_entry_point-2e205166-b504-4dce-8abd-5bed63f57ad3.mdx\",lineNumber:19,columnNumber:1},this),`\n`,(0,n.jsxDEV)(e.li,{children:[`\n`,(0,n.jsxDEV)(e.p,{children:[(0,n.jsxDEV)(e.strong,{children:\"Ransomware\"},void 0,!1,{fileName:\"F:\\\\portfolio v2\\\\portfolio-v2\\\\posts\\\\_mdx_bundler_entry_point-2e205166-b504-4dce-8abd-5bed63f57ad3.mdx\",lineNumber:21,columnNumber:3},this),\": Malware yang mengenkripsi data pengguna, meminta uang tebusan untuk memulihkan akses.\"]},void 0,!0,{fileName:\"F:\\\\portfolio v2\\\\portfolio-v2\\\\posts\\\\_mdx_bundler_entry_point-2e205166-b504-4dce-8abd-5bed63f57ad3.mdx\",lineNumber:21,columnNumber:3},this),`\n`]},void 0,!0,{fileName:\"F:\\\\portfolio v2\\\\portfolio-v2\\\\posts\\\\_mdx_bundler_entry_point-2e205166-b504-4dce-8abd-5bed63f57ad3.mdx\",lineNumber:21,columnNumber:1},this),`\n`,(0,n.jsxDEV)(e.li,{children:[`\n`,(0,n.jsxDEV)(e.p,{children:[(0,n.jsxDEV)(e.strong,{children:\"Spyware\"},void 0,!1,{fileName:\"F:\\\\portfolio v2\\\\portfolio-v2\\\\posts\\\\_mdx_bundler_entry_point-2e205166-b504-4dce-8abd-5bed63f57ad3.mdx\",lineNumber:23,columnNumber:3},this),\": Malware yang secara diam-diam memonitor aktivitas pengguna dan mengirimkan informasi tersebut ke pihak ketiga.\"]},void 0,!0,{fileName:\"F:\\\\portfolio v2\\\\portfolio-v2\\\\posts\\\\_mdx_bundler_entry_point-2e205166-b504-4dce-8abd-5bed63f57ad3.mdx\",lineNumber:23,columnNumber:3},this),`\n`]},void 0,!0,{fileName:\"F:\\\\portfolio v2\\\\portfolio-v2\\\\posts\\\\_mdx_bundler_entry_point-2e205166-b504-4dce-8abd-5bed63f57ad3.mdx\",lineNumber:23,columnNumber:1},this),`\n`,(0,n.jsxDEV)(e.li,{children:[`\n`,(0,n.jsxDEV)(e.p,{children:[(0,n.jsxDEV)(e.strong,{children:\"Adware\"},void 0,!1,{fileName:\"F:\\\\portfolio v2\\\\portfolio-v2\\\\posts\\\\_mdx_bundler_entry_point-2e205166-b504-4dce-8abd-5bed63f57ad3.mdx\",lineNumber:25,columnNumber:3},this),\": Malware yang menampilkan iklan-iklan secara terus-menerus atau mencuri data dari pengguna untuk tujuan pemasaran.\"]},void 0,!0,{fileName:\"F:\\\\portfolio v2\\\\portfolio-v2\\\\posts\\\\_mdx_bundler_entry_point-2e205166-b504-4dce-8abd-5bed63f57ad3.mdx\",lineNumber:25,columnNumber:3},this),`\n`]},void 0,!0,{fileName:\"F:\\\\portfolio v2\\\\portfolio-v2\\\\posts\\\\_mdx_bundler_entry_point-2e205166-b504-4dce-8abd-5bed63f57ad3.mdx\",lineNumber:25,columnNumber:1},this),`\n`,(0,n.jsxDEV)(e.li,{children:[`\n`,(0,n.jsxDEV)(e.p,{children:[(0,n.jsxDEV)(e.strong,{children:\"Rootkit\"},void 0,!1,{fileName:\"F:\\\\portfolio v2\\\\portfolio-v2\\\\posts\\\\_mdx_bundler_entry_point-2e205166-b504-4dce-8abd-5bed63f57ad3.mdx\",lineNumber:27,columnNumber:3},this),\": Perangkat lunak yang dirancang untuk menyembunyikan keberadaan malware di dalam sistem.\"]},void 0,!0,{fileName:\"F:\\\\portfolio v2\\\\portfolio-v2\\\\posts\\\\_mdx_bundler_entry_point-2e205166-b504-4dce-8abd-5bed63f57ad3.mdx\",lineNumber:27,columnNumber:3},this),`\n`]},void 0,!0,{fileName:\"F:\\\\portfolio v2\\\\portfolio-v2\\\\posts\\\\_mdx_bundler_entry_point-2e205166-b504-4dce-8abd-5bed63f57ad3.mdx\",lineNumber:27,columnNumber:1},this),`\n`]},void 0,!0,{fileName:\"F:\\\\portfolio v2\\\\portfolio-v2\\\\posts\\\\_mdx_bundler_entry_point-2e205166-b504-4dce-8abd-5bed63f57ad3.mdx\",lineNumber:15,columnNumber:1},this),`\n`,(0,n.jsxDEV)(e.h3,{id:\"3-hubungan-malware-dengan-serangan-cyber\",children:[(0,n.jsxDEV)(e.a,{className:\"anchor\",href:\"#3-hubungan-malware-dengan-serangan-cyber\",children:(0,n.jsxDEV)(e.span,{className:\"icon icon-link\"},void 0,!1,{fileName:\"F:\\\\portfolio v2\\\\portfolio-v2\\\\posts\\\\_mdx_bundler_entry_point-2e205166-b504-4dce-8abd-5bed63f57ad3.mdx\"},this)},void 0,!1,{fileName:\"F:\\\\portfolio v2\\\\portfolio-v2\\\\posts\\\\_mdx_bundler_entry_point-2e205166-b504-4dce-8abd-5bed63f57ad3.mdx\"},this),\"3. Hubungan Malware Dengan Serangan Cyber\"]},void 0,!0,{fileName:\"F:\\\\portfolio v2\\\\portfolio-v2\\\\posts\\\\_mdx_bundler_entry_point-2e205166-b504-4dce-8abd-5bed63f57ad3.mdx\",lineNumber:29,columnNumber:1},this),`\n`,(0,n.jsxDEV)(s,{alt:\"gambar ilustrasi serangan siber\",src:\"/hacker.webp\",width:1440,height:960,priority:!0},void 0,!1,{fileName:\"F:\\\\portfolio v2\\\\portfolio-v2\\\\posts\\\\_mdx_bundler_entry_point-2e205166-b504-4dce-8abd-5bed63f57ad3.mdx\",lineNumber:31,columnNumber:1},this),`\n`,(0,n.jsxDEV)(e.p,{children:\"Malware sering digunakan sebagai alat utama dalam serangan cyber. Serangan cyber adalah upaya yang disengaja untuk merusak, mencuri, atau mengakses data yang dilindungi melalui jaringan komputer. Malware adalah salah satu metode utama yang digunakan penyerang untuk melakukan pencurian data, penyanderaan sistem (ransomware), atau bahkan sabotase infrastruktur kritis.\"},void 0,!1,{fileName:\"F:\\\\portfolio v2\\\\portfolio-v2\\\\posts\\\\_mdx_bundler_entry_point-2e205166-b504-4dce-8abd-5bed63f57ad3.mdx\",lineNumber:39,columnNumber:1},this),`\n`,(0,n.jsxDEV)(e.h3,{id:\"4-ciri-ciri-perangkat-yang-terkena-serangan-cyber\",children:[(0,n.jsxDEV)(e.a,{className:\"anchor\",href:\"#4-ciri-ciri-perangkat-yang-terkena-serangan-cyber\",children:(0,n.jsxDEV)(e.span,{className:\"icon icon-link\"},void 0,!1,{fileName:\"F:\\\\portfolio v2\\\\portfolio-v2\\\\posts\\\\_mdx_bundler_entry_point-2e205166-b504-4dce-8abd-5bed63f57ad3.mdx\"},this)},void 0,!1,{fileName:\"F:\\\\portfolio v2\\\\portfolio-v2\\\\posts\\\\_mdx_bundler_entry_point-2e205166-b504-4dce-8abd-5bed63f57ad3.mdx\"},this),\"4. Ciri-Ciri Perangkat yang Terkena Serangan Cyber\"]},void 0,!0,{fileName:\"F:\\\\portfolio v2\\\\portfolio-v2\\\\posts\\\\_mdx_bundler_entry_point-2e205166-b504-4dce-8abd-5bed63f57ad3.mdx\",lineNumber:41,columnNumber:1},this),`\n`,(0,n.jsxDEV)(e.p,{children:\"Tanda-tanda bahwa perangkat kamu mungkin telah terkena serangan cyber melalui malware termasuk:\"},void 0,!1,{fileName:\"F:\\\\portfolio v2\\\\portfolio-v2\\\\posts\\\\_mdx_bundler_entry_point-2e205166-b504-4dce-8abd-5bed63f57ad3.mdx\",lineNumber:43,columnNumber:1},this),`\n`,(0,n.jsxDEV)(e.ul,{children:[`\n`,(0,n.jsxDEV)(e.li,{children:[`\n`,(0,n.jsxDEV)(e.p,{children:\"Kinerja komputer yang tiba-tiba menurun.\"},void 0,!1,{fileName:\"F:\\\\portfolio v2\\\\portfolio-v2\\\\posts\\\\_mdx_bundler_entry_point-2e205166-b504-4dce-8abd-5bed63f57ad3.mdx\",lineNumber:45,columnNumber:3},this),`\n`]},void 0,!0,{fileName:\"F:\\\\portfolio v2\\\\portfolio-v2\\\\posts\\\\_mdx_bundler_entry_point-2e205166-b504-4dce-8abd-5bed63f57ad3.mdx\",lineNumber:45,columnNumber:1},this),`\n`,(0,n.jsxDEV)(e.li,{children:[`\n`,(0,n.jsxDEV)(e.p,{children:\"Pop-up iklan yang tidak diinginkan.\"},void 0,!1,{fileName:\"F:\\\\portfolio v2\\\\portfolio-v2\\\\posts\\\\_mdx_bundler_entry_point-2e205166-b504-4dce-8abd-5bed63f57ad3.mdx\",lineNumber:47,columnNumber:3},this),`\n`]},void 0,!0,{fileName:\"F:\\\\portfolio v2\\\\portfolio-v2\\\\posts\\\\_mdx_bundler_entry_point-2e205166-b504-4dce-8abd-5bed63f57ad3.mdx\",lineNumber:47,columnNumber:1},this),`\n`,(0,n.jsxDEV)(e.li,{children:[`\n`,(0,n.jsxDEV)(e.p,{children:\"Aktivitas jaringan yang tidak biasa.\"},void 0,!1,{fileName:\"F:\\\\portfolio v2\\\\portfolio-v2\\\\posts\\\\_mdx_bundler_entry_point-2e205166-b504-4dce-8abd-5bed63f57ad3.mdx\",lineNumber:49,columnNumber:3},this),`\n`]},void 0,!0,{fileName:\"F:\\\\portfolio v2\\\\portfolio-v2\\\\posts\\\\_mdx_bundler_entry_point-2e205166-b504-4dce-8abd-5bed63f57ad3.mdx\",lineNumber:49,columnNumber:1},this),`\n`,(0,n.jsxDEV)(e.li,{children:[`\n`,(0,n.jsxDEV)(e.p,{children:\"Sistem operasi atau aplikasi sering mengalami crash atau macet.\"},void 0,!1,{fileName:\"F:\\\\portfolio v2\\\\portfolio-v2\\\\posts\\\\_mdx_bundler_entry_point-2e205166-b504-4dce-8abd-5bed63f57ad3.mdx\",lineNumber:51,columnNumber:3},this),`\n`]},void 0,!0,{fileName:\"F:\\\\portfolio v2\\\\portfolio-v2\\\\posts\\\\_mdx_bundler_entry_point-2e205166-b504-4dce-8abd-5bed63f57ad3.mdx\",lineNumber:51,columnNumber:1},this),`\n`,(0,n.jsxDEV)(e.li,{children:[`\n`,(0,n.jsxDEV)(e.p,{children:\"Pengaturan atau aplikasi yang berubah tanpa izin pengguna.\"},void 0,!1,{fileName:\"F:\\\\portfolio v2\\\\portfolio-v2\\\\posts\\\\_mdx_bundler_entry_point-2e205166-b504-4dce-8abd-5bed63f57ad3.mdx\",lineNumber:53,columnNumber:3},this),`\n`]},void 0,!0,{fileName:\"F:\\\\portfolio v2\\\\portfolio-v2\\\\posts\\\\_mdx_bundler_entry_point-2e205166-b504-4dce-8abd-5bed63f57ad3.mdx\",lineNumber:53,columnNumber:1},this),`\n`]},void 0,!0,{fileName:\"F:\\\\portfolio v2\\\\portfolio-v2\\\\posts\\\\_mdx_bundler_entry_point-2e205166-b504-4dce-8abd-5bed63f57ad3.mdx\",lineNumber:45,columnNumber:1},this),`\n`,(0,n.jsxDEV)(e.h3,{id:\"5-contoh-negara-yang-pernah-terkena-serangan-cyber\",children:[(0,n.jsxDEV)(e.a,{className:\"anchor\",href:\"#5-contoh-negara-yang-pernah-terkena-serangan-cyber\",children:(0,n.jsxDEV)(e.span,{className:\"icon icon-link\"},void 0,!1,{fileName:\"F:\\\\portfolio v2\\\\portfolio-v2\\\\posts\\\\_mdx_bundler_entry_point-2e205166-b504-4dce-8abd-5bed63f57ad3.mdx\"},this)},void 0,!1,{fileName:\"F:\\\\portfolio v2\\\\portfolio-v2\\\\posts\\\\_mdx_bundler_entry_point-2e205166-b504-4dce-8abd-5bed63f57ad3.mdx\"},this),\"5. Contoh Negara yang Pernah Terkena Serangan Cyber\"]},void 0,!0,{fileName:\"F:\\\\portfolio v2\\\\portfolio-v2\\\\posts\\\\_mdx_bundler_entry_point-2e205166-b504-4dce-8abd-5bed63f57ad3.mdx\",lineNumber:55,columnNumber:1},this),`\n`,(0,n.jsxDEV)(e.p,{children:\"Berikut beberapa negara yang pernah terkena serangan cyber besar, beserta informasi penyerangan dan langkah antisipasi:\"},void 0,!1,{fileName:\"F:\\\\portfolio v2\\\\portfolio-v2\\\\posts\\\\_mdx_bundler_entry_point-2e205166-b504-4dce-8abd-5bed63f57ad3.mdx\",lineNumber:57,columnNumber:1},this),`\n`,(0,n.jsxDEV)(e.p,{children:(0,n.jsxDEV)(e.strong,{children:\"a. Amerika Serikat \\u2013 Serangan SolarWinds (2020)\"},void 0,!1,{fileName:\"F:\\\\portfolio v2\\\\portfolio-v2\\\\posts\\\\_mdx_bundler_entry_point-2e205166-b504-4dce-8abd-5bed63f57ad3.mdx\",lineNumber:59,columnNumber:1},this)},void 0,!1,{fileName:\"F:\\\\portfolio v2\\\\portfolio-v2\\\\posts\\\\_mdx_bundler_entry_point-2e205166-b504-4dce-8abd-5bed63f57ad3.mdx\",lineNumber:59,columnNumber:1},this),`\n`,(0,n.jsxDEV)(e.ul,{children:[`\n`,(0,n.jsxDEV)(e.li,{children:[`\n`,(0,n.jsxDEV)(e.p,{children:[(0,n.jsxDEV)(e.strong,{children:\"Jenis Serangan\"},void 0,!1,{fileName:\"F:\\\\portfolio v2\\\\portfolio-v2\\\\posts\\\\_mdx_bundler_entry_point-2e205166-b504-4dce-8abd-5bed63f57ad3.mdx\",lineNumber:61,columnNumber:3},this),\": Supply Chain Attack\"]},void 0,!0,{fileName:\"F:\\\\portfolio v2\\\\portfolio-v2\\\\posts\\\\_mdx_bundler_entry_point-2e205166-b504-4dce-8abd-5bed63f57ad3.mdx\",lineNumber:61,columnNumber:3},this),`\n`]},void 0,!0,{fileName:\"F:\\\\portfolio v2\\\\portfolio-v2\\\\posts\\\\_mdx_bundler_entry_point-2e205166-b504-4dce-8abd-5bed63f57ad3.mdx\",lineNumber:61,columnNumber:1},this),`\n`,(0,n.jsxDEV)(e.li,{children:[`\n`,(0,n.jsxDEV)(e.p,{children:[(0,n.jsxDEV)(e.strong,{children:\"Target Serangan\"},void 0,!1,{fileName:\"F:\\\\portfolio v2\\\\portfolio-v2\\\\posts\\\\_mdx_bundler_entry_point-2e205166-b504-4dce-8abd-5bed63f57ad3.mdx\",lineNumber:63,columnNumber:3},this),\": Berbagai lembaga pemerintah AS dan perusahaan besar.\"]},void 0,!0,{fileName:\"F:\\\\portfolio v2\\\\portfolio-v2\\\\posts\\\\_mdx_bundler_entry_point-2e205166-b504-4dce-8abd-5bed63f57ad3.mdx\",lineNumber:63,columnNumber:3},this),`\n`]},void 0,!0,{fileName:\"F:\\\\portfolio v2\\\\portfolio-v2\\\\posts\\\\_mdx_bundler_entry_point-2e205166-b504-4dce-8abd-5bed63f57ad3.mdx\",lineNumber:63,columnNumber:1},this),`\n`,(0,n.jsxDEV)(e.li,{children:[`\n`,(0,n.jsxDEV)(e.p,{children:[(0,n.jsxDEV)(e.strong,{children:\"Deskripsi\"},void 0,!1,{fileName:\"F:\\\\portfolio v2\\\\portfolio-v2\\\\posts\\\\_mdx_bundler_entry_point-2e205166-b504-4dce-8abd-5bed63f57ad3.mdx\",lineNumber:65,columnNumber:3},this),\": Serangan ini memanfaatkan perangkat lunak SolarWinds untuk menyusup ke jaringan dan mencuri data sensitif.\"]},void 0,!0,{fileName:\"F:\\\\portfolio v2\\\\portfolio-v2\\\\posts\\\\_mdx_bundler_entry_point-2e205166-b504-4dce-8abd-5bed63f57ad3.mdx\",lineNumber:65,columnNumber:3},this),`\n`]},void 0,!0,{fileName:\"F:\\\\portfolio v2\\\\portfolio-v2\\\\posts\\\\_mdx_bundler_entry_point-2e205166-b504-4dce-8abd-5bed63f57ad3.mdx\",lineNumber:65,columnNumber:1},this),`\n`,(0,n.jsxDEV)(e.li,{children:[`\n`,(0,n.jsxDEV)(e.p,{children:[(0,n.jsxDEV)(e.strong,{children:\"Antisipasi\"},void 0,!1,{fileName:\"F:\\\\portfolio v2\\\\portfolio-v2\\\\posts\\\\_mdx_bundler_entry_point-2e205166-b504-4dce-8abd-5bed63f57ad3.mdx\",lineNumber:67,columnNumber:3},this),\": Investigasi besar-besaran, pembaruan perangkat lunak, peningkatan keamanan jaringan.\"]},void 0,!0,{fileName:\"F:\\\\portfolio v2\\\\portfolio-v2\\\\posts\\\\_mdx_bundler_entry_point-2e205166-b504-4dce-8abd-5bed63f57ad3.mdx\",lineNumber:67,columnNumber:3},this),`\n`]},void 0,!0,{fileName:\"F:\\\\portfolio v2\\\\portfolio-v2\\\\posts\\\\_mdx_bundler_entry_point-2e205166-b504-4dce-8abd-5bed63f57ad3.mdx\",lineNumber:67,columnNumber:1},this),`\n`,(0,n.jsxDEV)(e.li,{children:[`\n`,(0,n.jsxDEV)(e.p,{children:[(0,n.jsxDEV)(e.strong,{children:\"Waktu dan Sumber Berita\"},void 0,!1,{fileName:\"F:\\\\portfolio v2\\\\portfolio-v2\\\\posts\\\\_mdx_bundler_entry_point-2e205166-b504-4dce-8abd-5bed63f57ad3.mdx\",lineNumber:69,columnNumber:3},this),\": Desember 2020, The New York Times.\"]},void 0,!0,{fileName:\"F:\\\\portfolio v2\\\\portfolio-v2\\\\posts\\\\_mdx_bundler_entry_point-2e205166-b504-4dce-8abd-5bed63f57ad3.mdx\",lineNumber:69,columnNumber:3},this),`\n`]},void 0,!0,{fileName:\"F:\\\\portfolio v2\\\\portfolio-v2\\\\posts\\\\_mdx_bundler_entry_point-2e205166-b504-4dce-8abd-5bed63f57ad3.mdx\",lineNumber:69,columnNumber:1},this),`\n`]},void 0,!0,{fileName:\"F:\\\\portfolio v2\\\\portfolio-v2\\\\posts\\\\_mdx_bundler_entry_point-2e205166-b504-4dce-8abd-5bed63f57ad3.mdx\",lineNumber:61,columnNumber:1},this),`\n`,(0,n.jsxDEV)(e.p,{children:(0,n.jsxDEV)(e.strong,{children:\"b. Estonia \\u2013 Serangan DDoS (2007)\"},void 0,!1,{fileName:\"F:\\\\portfolio v2\\\\portfolio-v2\\\\posts\\\\_mdx_bundler_entry_point-2e205166-b504-4dce-8abd-5bed63f57ad3.mdx\",lineNumber:71,columnNumber:1},this)},void 0,!1,{fileName:\"F:\\\\portfolio v2\\\\portfolio-v2\\\\posts\\\\_mdx_bundler_entry_point-2e205166-b504-4dce-8abd-5bed63f57ad3.mdx\",lineNumber:71,columnNumber:1},this),`\n`,(0,n.jsxDEV)(e.ul,{children:[`\n`,(0,n.jsxDEV)(e.li,{children:[`\n`,(0,n.jsxDEV)(e.p,{children:[(0,n.jsxDEV)(e.strong,{children:\"Jenis Serangan\"},void 0,!1,{fileName:\"F:\\\\portfolio v2\\\\portfolio-v2\\\\posts\\\\_mdx_bundler_entry_point-2e205166-b504-4dce-8abd-5bed63f57ad3.mdx\",lineNumber:73,columnNumber:3},this),\": Distributed Denial of Service (DDoS)\"]},void 0,!0,{fileName:\"F:\\\\portfolio v2\\\\portfolio-v2\\\\posts\\\\_mdx_bundler_entry_point-2e205166-b504-4dce-8abd-5bed63f57ad3.mdx\",lineNumber:73,columnNumber:3},this),`\n`]},void 0,!0,{fileName:\"F:\\\\portfolio v2\\\\portfolio-v2\\\\posts\\\\_mdx_bundler_entry_point-2e205166-b504-4dce-8abd-5bed63f57ad3.mdx\",lineNumber:73,columnNumber:1},this),`\n`,(0,n.jsxDEV)(e.li,{children:[`\n`,(0,n.jsxDEV)(e.p,{children:[(0,n.jsxDEV)(e.strong,{children:\"Target Serangan\"},void 0,!1,{fileName:\"F:\\\\portfolio v2\\\\portfolio-v2\\\\posts\\\\_mdx_bundler_entry_point-2e205166-b504-4dce-8abd-5bed63f57ad3.mdx\",lineNumber:75,columnNumber:3},this),\": Infrastruktur internet, layanan perbankan, dan pemerintahan Estonia.\"]},void 0,!0,{fileName:\"F:\\\\portfolio v2\\\\portfolio-v2\\\\posts\\\\_mdx_bundler_entry_point-2e205166-b504-4dce-8abd-5bed63f57ad3.mdx\",lineNumber:75,columnNumber:3},this),`\n`]},void 0,!0,{fileName:\"F:\\\\portfolio v2\\\\portfolio-v2\\\\posts\\\\_mdx_bundler_entry_point-2e205166-b504-4dce-8abd-5bed63f57ad3.mdx\",lineNumber:75,columnNumber:1},this),`\n`,(0,n.jsxDEV)(e.li,{children:[`\n`,(0,n.jsxDEV)(e.p,{children:[(0,n.jsxDEV)(e.strong,{children:\"Deskripsi\"},void 0,!1,{fileName:\"F:\\\\portfolio v2\\\\portfolio-v2\\\\posts\\\\_mdx_bundler_entry_point-2e205166-b504-4dce-8abd-5bed63f57ad3.mdx\",lineNumber:77,columnNumber:3},this),\": Serangan melumpuhkan internet Estonia selama hampir tiga minggu.\"]},void 0,!0,{fileName:\"F:\\\\portfolio v2\\\\portfolio-v2\\\\posts\\\\_mdx_bundler_entry_point-2e205166-b504-4dce-8abd-5bed63f57ad3.mdx\",lineNumber:77,columnNumber:3},this),`\n`]},void 0,!0,{fileName:\"F:\\\\portfolio v2\\\\portfolio-v2\\\\posts\\\\_mdx_bundler_entry_point-2e205166-b504-4dce-8abd-5bed63f57ad3.mdx\",lineNumber:77,columnNumber:1},this),`\n`,(0,n.jsxDEV)(e.li,{children:[`\n`,(0,n.jsxDEV)(e.p,{children:[(0,n.jsxDEV)(e.strong,{children:\"Antisipasi\"},void 0,!1,{fileName:\"F:\\\\portfolio v2\\\\portfolio-v2\\\\posts\\\\_mdx_bundler_entry_point-2e205166-b504-4dce-8abd-5bed63f57ad3.mdx\",lineNumber:79,columnNumber:3},this),`: Estonia memperkuat keamanan sibernya dan menjadi pelopor pertahanan siber di Eropa.\\r\nWaktu dan Sumber Berita: April 2007, BBC News.`]},void 0,!0,{fileName:\"F:\\\\portfolio v2\\\\portfolio-v2\\\\posts\\\\_mdx_bundler_entry_point-2e205166-b504-4dce-8abd-5bed63f57ad3.mdx\",lineNumber:79,columnNumber:3},this),`\n`]},void 0,!0,{fileName:\"F:\\\\portfolio v2\\\\portfolio-v2\\\\posts\\\\_mdx_bundler_entry_point-2e205166-b504-4dce-8abd-5bed63f57ad3.mdx\",lineNumber:79,columnNumber:1},this),`\n`]},void 0,!0,{fileName:\"F:\\\\portfolio v2\\\\portfolio-v2\\\\posts\\\\_mdx_bundler_entry_point-2e205166-b504-4dce-8abd-5bed63f57ad3.mdx\",lineNumber:73,columnNumber:1},this),`\n`,(0,n.jsxDEV)(e.p,{children:(0,n.jsxDEV)(e.strong,{children:\"c. Iran \\u2013 Serangan Stuxnet (2010)\"},void 0,!1,{fileName:\"F:\\\\portfolio v2\\\\portfolio-v2\\\\posts\\\\_mdx_bundler_entry_point-2e205166-b504-4dce-8abd-5bed63f57ad3.mdx\",lineNumber:82,columnNumber:1},this)},void 0,!1,{fileName:\"F:\\\\portfolio v2\\\\portfolio-v2\\\\posts\\\\_mdx_bundler_entry_point-2e205166-b504-4dce-8abd-5bed63f57ad3.mdx\",lineNumber:82,columnNumber:1},this),`\n`,(0,n.jsxDEV)(e.ul,{children:[`\n`,(0,n.jsxDEV)(e.li,{children:[`\n`,(0,n.jsxDEV)(e.p,{children:[(0,n.jsxDEV)(e.strong,{children:\"Jenis Serangan\"},void 0,!1,{fileName:\"F:\\\\portfolio v2\\\\portfolio-v2\\\\posts\\\\_mdx_bundler_entry_point-2e205166-b504-4dce-8abd-5bed63f57ad3.mdx\",lineNumber:84,columnNumber:3},this),\": Worm\"]},void 0,!0,{fileName:\"F:\\\\portfolio v2\\\\portfolio-v2\\\\posts\\\\_mdx_bundler_entry_point-2e205166-b504-4dce-8abd-5bed63f57ad3.mdx\",lineNumber:84,columnNumber:3},this),`\n`]},void 0,!0,{fileName:\"F:\\\\portfolio v2\\\\portfolio-v2\\\\posts\\\\_mdx_bundler_entry_point-2e205166-b504-4dce-8abd-5bed63f57ad3.mdx\",lineNumber:84,columnNumber:1},this),`\n`,(0,n.jsxDEV)(e.li,{children:[`\n`,(0,n.jsxDEV)(e.p,{children:[(0,n.jsxDEV)(e.strong,{children:\"Target Serangan\"},void 0,!1,{fileName:\"F:\\\\portfolio v2\\\\portfolio-v2\\\\posts\\\\_mdx_bundler_entry_point-2e205166-b504-4dce-8abd-5bed63f57ad3.mdx\",lineNumber:86,columnNumber:3},this),\": Sistem kontrol industri yang digunakan dalam program nuklir Iran.\"]},void 0,!0,{fileName:\"F:\\\\portfolio v2\\\\portfolio-v2\\\\posts\\\\_mdx_bundler_entry_point-2e205166-b504-4dce-8abd-5bed63f57ad3.mdx\",lineNumber:86,columnNumber:3},this),`\n`]},void 0,!0,{fileName:\"F:\\\\portfolio v2\\\\portfolio-v2\\\\posts\\\\_mdx_bundler_entry_point-2e205166-b504-4dce-8abd-5bed63f57ad3.mdx\",lineNumber:86,columnNumber:1},this),`\n`,(0,n.jsxDEV)(e.li,{children:[`\n`,(0,n.jsxDEV)(e.p,{children:[(0,n.jsxDEV)(e.strong,{children:\"Deskripsi\"},void 0,!1,{fileName:\"F:\\\\portfolio v2\\\\portfolio-v2\\\\posts\\\\_mdx_bundler_entry_point-2e205166-b504-4dce-8abd-5bed63f57ad3.mdx\",lineNumber:88,columnNumber:3},this),\": Worm Stuxnet merusak program nuklir Iran dengan memodifikasi operasi di fasilitas tersebut.\"]},void 0,!0,{fileName:\"F:\\\\portfolio v2\\\\portfolio-v2\\\\posts\\\\_mdx_bundler_entry_point-2e205166-b504-4dce-8abd-5bed63f57ad3.mdx\",lineNumber:88,columnNumber:3},this),`\n`]},void 0,!0,{fileName:\"F:\\\\portfolio v2\\\\portfolio-v2\\\\posts\\\\_mdx_bundler_entry_point-2e205166-b504-4dce-8abd-5bed63f57ad3.mdx\",lineNumber:88,columnNumber:1},this),`\n`,(0,n.jsxDEV)(e.li,{children:[`\n`,(0,n.jsxDEV)(e.p,{children:[(0,n.jsxDEV)(e.strong,{children:\"Antisipasi\"},void 0,!1,{fileName:\"F:\\\\portfolio v2\\\\portfolio-v2\\\\posts\\\\_mdx_bundler_entry_point-2e205166-b504-4dce-8abd-5bed63f57ad3.mdx\",lineNumber:90,columnNumber:3},this),\": Iran memperkuat keamanan sibernya untuk melindungi infrastruktur kritis.\"]},void 0,!0,{fileName:\"F:\\\\portfolio v2\\\\portfolio-v2\\\\posts\\\\_mdx_bundler_entry_point-2e205166-b504-4dce-8abd-5bed63f57ad3.mdx\",lineNumber:90,columnNumber:3},this),`\n`]},void 0,!0,{fileName:\"F:\\\\portfolio v2\\\\portfolio-v2\\\\posts\\\\_mdx_bundler_entry_point-2e205166-b504-4dce-8abd-5bed63f57ad3.mdx\",lineNumber:90,columnNumber:1},this),`\n`,(0,n.jsxDEV)(e.li,{children:[`\n`,(0,n.jsxDEV)(e.p,{children:[(0,n.jsxDEV)(e.strong,{children:\"Waktu dan Sumber Berita\"},void 0,!1,{fileName:\"F:\\\\portfolio v2\\\\portfolio-v2\\\\posts\\\\_mdx_bundler_entry_point-2e205166-b504-4dce-8abd-5bed63f57ad3.mdx\",lineNumber:92,columnNumber:3},this),\": Juli 2010, The Guardian.\"]},void 0,!0,{fileName:\"F:\\\\portfolio v2\\\\portfolio-v2\\\\posts\\\\_mdx_bundler_entry_point-2e205166-b504-4dce-8abd-5bed63f57ad3.mdx\",lineNumber:92,columnNumber:3},this),`\n`]},void 0,!0,{fileName:\"F:\\\\portfolio v2\\\\portfolio-v2\\\\posts\\\\_mdx_bundler_entry_point-2e205166-b504-4dce-8abd-5bed63f57ad3.mdx\",lineNumber:92,columnNumber:1},this),`\n`]},void 0,!0,{fileName:\"F:\\\\portfolio v2\\\\portfolio-v2\\\\posts\\\\_mdx_bundler_entry_point-2e205166-b504-4dce-8abd-5bed63f57ad3.mdx\",lineNumber:84,columnNumber:1},this),`\n`,(0,n.jsxDEV)(e.p,{children:(0,n.jsxDEV)(e.strong,{children:\"d. Ukraina \\u2013 Serangan BlackEnergy (2015)\"},void 0,!1,{fileName:\"F:\\\\portfolio v2\\\\portfolio-v2\\\\posts\\\\_mdx_bundler_entry_point-2e205166-b504-4dce-8abd-5bed63f57ad3.mdx\",lineNumber:94,columnNumber:1},this)},void 0,!1,{fileName:\"F:\\\\portfolio v2\\\\portfolio-v2\\\\posts\\\\_mdx_bundler_entry_point-2e205166-b504-4dce-8abd-5bed63f57ad3.mdx\",lineNumber:94,columnNumber:1},this),`\n`,(0,n.jsxDEV)(e.ul,{children:[`\n`,(0,n.jsxDEV)(e.li,{children:[`\n`,(0,n.jsxDEV)(e.p,{children:[(0,n.jsxDEV)(e.strong,{children:\"Jenis Serangan\"},void 0,!1,{fileName:\"F:\\\\portfolio v2\\\\portfolio-v2\\\\posts\\\\_mdx_bundler_entry_point-2e205166-b504-4dce-8abd-5bed63f57ad3.mdx\",lineNumber:96,columnNumber:3},this),\": Malware yang menargetkan infrastruktur listrik.\"]},void 0,!0,{fileName:\"F:\\\\portfolio v2\\\\portfolio-v2\\\\posts\\\\_mdx_bundler_entry_point-2e205166-b504-4dce-8abd-5bed63f57ad3.mdx\",lineNumber:96,columnNumber:3},this),`\n`]},void 0,!0,{fileName:\"F:\\\\portfolio v2\\\\portfolio-v2\\\\posts\\\\_mdx_bundler_entry_point-2e205166-b504-4dce-8abd-5bed63f57ad3.mdx\",lineNumber:96,columnNumber:1},this),`\n`,(0,n.jsxDEV)(e.li,{children:[`\n`,(0,n.jsxDEV)(e.p,{children:[(0,n.jsxDEV)(e.strong,{children:\"Target Serangan\"},void 0,!1,{fileName:\"F:\\\\portfolio v2\\\\portfolio-v2\\\\posts\\\\_mdx_bundler_entry_point-2e205166-b504-4dce-8abd-5bed63f57ad3.mdx\",lineNumber:98,columnNumber:3},this),\": Sistem tenaga listrik Ukraina.\"]},void 0,!0,{fileName:\"F:\\\\portfolio v2\\\\portfolio-v2\\\\posts\\\\_mdx_bundler_entry_point-2e205166-b504-4dce-8abd-5bed63f57ad3.mdx\",lineNumber:98,columnNumber:3},this),`\n`]},void 0,!0,{fileName:\"F:\\\\portfolio v2\\\\portfolio-v2\\\\posts\\\\_mdx_bundler_entry_point-2e205166-b504-4dce-8abd-5bed63f57ad3.mdx\",lineNumber:98,columnNumber:1},this),`\n`,(0,n.jsxDEV)(e.li,{children:[`\n`,(0,n.jsxDEV)(e.p,{children:[(0,n.jsxDEV)(e.strong,{children:\"Deskripsi\"},void 0,!1,{fileName:\"F:\\\\portfolio v2\\\\portfolio-v2\\\\posts\\\\_mdx_bundler_entry_point-2e205166-b504-4dce-8abd-5bed63f57ad3.mdx\",lineNumber:100,columnNumber:3},this),\": Serangan ini menyebabkan pemadaman listrik di sebagian besar wilayah Ukraina.\"]},void 0,!0,{fileName:\"F:\\\\portfolio v2\\\\portfolio-v2\\\\posts\\\\_mdx_bundler_entry_point-2e205166-b504-4dce-8abd-5bed63f57ad3.mdx\",lineNumber:100,columnNumber:3},this),`\n`]},void 0,!0,{fileName:\"F:\\\\portfolio v2\\\\portfolio-v2\\\\posts\\\\_mdx_bundler_entry_point-2e205166-b504-4dce-8abd-5bed63f57ad3.mdx\",lineNumber:100,columnNumber:1},this),`\n`,(0,n.jsxDEV)(e.li,{children:[`\n`,(0,n.jsxDEV)(e.p,{children:[(0,n.jsxDEV)(e.strong,{children:\"Antisipasi\"},void 0,!1,{fileName:\"F:\\\\portfolio v2\\\\portfolio-v2\\\\posts\\\\_mdx_bundler_entry_point-2e205166-b504-4dce-8abd-5bed63f57ad3.mdx\",lineNumber:102,columnNumber:3},this),\": Kerjasama dengan negara-negara Barat untuk memperkuat keamanan jaringan energi.\"]},void 0,!0,{fileName:\"F:\\\\portfolio v2\\\\portfolio-v2\\\\posts\\\\_mdx_bundler_entry_point-2e205166-b504-4dce-8abd-5bed63f57ad3.mdx\",lineNumber:102,columnNumber:3},this),`\n`]},void 0,!0,{fileName:\"F:\\\\portfolio v2\\\\portfolio-v2\\\\posts\\\\_mdx_bundler_entry_point-2e205166-b504-4dce-8abd-5bed63f57ad3.mdx\",lineNumber:102,columnNumber:1},this),`\n`,(0,n.jsxDEV)(e.li,{children:[`\n`,(0,n.jsxDEV)(e.p,{children:[(0,n.jsxDEV)(e.strong,{children:\"Waktu dan Sumber Berita\"},void 0,!1,{fileName:\"F:\\\\portfolio v2\\\\portfolio-v2\\\\posts\\\\_mdx_bundler_entry_point-2e205166-b504-4dce-8abd-5bed63f57ad3.mdx\",lineNumber:104,columnNumber:3},this),\": Desember 2015, Reuters.\"]},void 0,!0,{fileName:\"F:\\\\portfolio v2\\\\portfolio-v2\\\\posts\\\\_mdx_bundler_entry_point-2e205166-b504-4dce-8abd-5bed63f57ad3.mdx\",lineNumber:104,columnNumber:3},this),`\n`]},void 0,!0,{fileName:\"F:\\\\portfolio v2\\\\portfolio-v2\\\\posts\\\\_mdx_bundler_entry_point-2e205166-b504-4dce-8abd-5bed63f57ad3.mdx\",lineNumber:104,columnNumber:1},this),`\n`]},void 0,!0,{fileName:\"F:\\\\portfolio v2\\\\portfolio-v2\\\\posts\\\\_mdx_bundler_entry_point-2e205166-b504-4dce-8abd-5bed63f57ad3.mdx\",lineNumber:96,columnNumber:1},this),`\n`,(0,n.jsxDEV)(e.p,{children:(0,n.jsxDEV)(e.strong,{children:\"e. Korea Selatan \\u2013 Serangan Lazarus Group (2014)\"},void 0,!1,{fileName:\"F:\\\\portfolio v2\\\\portfolio-v2\\\\posts\\\\_mdx_bundler_entry_point-2e205166-b504-4dce-8abd-5bed63f57ad3.mdx\",lineNumber:106,columnNumber:1},this)},void 0,!1,{fileName:\"F:\\\\portfolio v2\\\\portfolio-v2\\\\posts\\\\_mdx_bundler_entry_point-2e205166-b504-4dce-8abd-5bed63f57ad3.mdx\",lineNumber:106,columnNumber:1},this),`\n`,(0,n.jsxDEV)(e.ul,{children:[`\n`,(0,n.jsxDEV)(e.li,{children:[`\n`,(0,n.jsxDEV)(e.p,{children:[(0,n.jsxDEV)(e.strong,{children:\"Jenis Serangan\"},void 0,!1,{fileName:\"F:\\\\portfolio v2\\\\portfolio-v2\\\\posts\\\\_mdx_bundler_entry_point-2e205166-b504-4dce-8abd-5bed63f57ad3.mdx\",lineNumber:108,columnNumber:3},this),\": Cyber Espionage dan Sabotase\"]},void 0,!0,{fileName:\"F:\\\\portfolio v2\\\\portfolio-v2\\\\posts\\\\_mdx_bundler_entry_point-2e205166-b504-4dce-8abd-5bed63f57ad3.mdx\",lineNumber:108,columnNumber:3},this),`\n`]},void 0,!0,{fileName:\"F:\\\\portfolio v2\\\\portfolio-v2\\\\posts\\\\_mdx_bundler_entry_point-2e205166-b504-4dce-8abd-5bed63f57ad3.mdx\",lineNumber:108,columnNumber:1},this),`\n`,(0,n.jsxDEV)(e.li,{children:[`\n`,(0,n.jsxDEV)(e.p,{children:[(0,n.jsxDEV)(e.strong,{children:\"Target Serangan\"},void 0,!1,{fileName:\"F:\\\\portfolio v2\\\\portfolio-v2\\\\posts\\\\_mdx_bundler_entry_point-2e205166-b504-4dce-8abd-5bed63f57ad3.mdx\",lineNumber:110,columnNumber:3},this),\": Sony Pictures, sebuah perusahaan hiburan di AS.\"]},void 0,!0,{fileName:\"F:\\\\portfolio v2\\\\portfolio-v2\\\\posts\\\\_mdx_bundler_entry_point-2e205166-b504-4dce-8abd-5bed63f57ad3.mdx\",lineNumber:110,columnNumber:3},this),`\n`]},void 0,!0,{fileName:\"F:\\\\portfolio v2\\\\portfolio-v2\\\\posts\\\\_mdx_bundler_entry_point-2e205166-b504-4dce-8abd-5bed63f57ad3.mdx\",lineNumber:110,columnNumber:1},this),`\n`,(0,n.jsxDEV)(e.li,{children:[`\n`,(0,n.jsxDEV)(e.p,{children:[(0,n.jsxDEV)(e.strong,{children:\"Deskripsi\"},void 0,!1,{fileName:\"F:\\\\portfolio v2\\\\portfolio-v2\\\\posts\\\\_mdx_bundler_entry_point-2e205166-b504-4dce-8abd-5bed63f57ad3.mdx\",lineNumber:112,columnNumber:3},this),\": Serangan ini diluncurkan sebagai balasan terhadap film The Interview, yang dianggap menghina pemerintah Korea Utara.\"]},void 0,!0,{fileName:\"F:\\\\portfolio v2\\\\portfolio-v2\\\\posts\\\\_mdx_bundler_entry_point-2e205166-b504-4dce-8abd-5bed63f57ad3.mdx\",lineNumber:112,columnNumber:3},this),`\n`]},void 0,!0,{fileName:\"F:\\\\portfolio v2\\\\portfolio-v2\\\\posts\\\\_mdx_bundler_entry_point-2e205166-b504-4dce-8abd-5bed63f57ad3.mdx\",lineNumber:112,columnNumber:1},this),`\n`,(0,n.jsxDEV)(e.li,{children:[`\n`,(0,n.jsxDEV)(e.p,{children:[(0,n.jsxDEV)(e.strong,{children:\"Antisipasi\"},void 0,!1,{fileName:\"F:\\\\portfolio v2\\\\portfolio-v2\\\\posts\\\\_mdx_bundler_entry_point-2e205166-b504-4dce-8abd-5bed63f57ad3.mdx\",lineNumber:114,columnNumber:3},this),\": Investigasi bersama pemerintah AS, pemulihan data, dan peningkatan keamanan sistem.\"]},void 0,!0,{fileName:\"F:\\\\portfolio v2\\\\portfolio-v2\\\\posts\\\\_mdx_bundler_entry_point-2e205166-b504-4dce-8abd-5bed63f57ad3.mdx\",lineNumber:114,columnNumber:3},this),`\n`]},void 0,!0,{fileName:\"F:\\\\portfolio v2\\\\portfolio-v2\\\\posts\\\\_mdx_bundler_entry_point-2e205166-b504-4dce-8abd-5bed63f57ad3.mdx\",lineNumber:114,columnNumber:1},this),`\n`,(0,n.jsxDEV)(e.li,{children:[`\n`,(0,n.jsxDEV)(e.p,{children:[(0,n.jsxDEV)(e.strong,{children:\"Waktu dan Sumber Berita\"},void 0,!1,{fileName:\"F:\\\\portfolio v2\\\\portfolio-v2\\\\posts\\\\_mdx_bundler_entry_point-2e205166-b504-4dce-8abd-5bed63f57ad3.mdx\",lineNumber:116,columnNumber:3},this),\": November 2014, CNN.\"]},void 0,!0,{fileName:\"F:\\\\portfolio v2\\\\portfolio-v2\\\\posts\\\\_mdx_bundler_entry_point-2e205166-b504-4dce-8abd-5bed63f57ad3.mdx\",lineNumber:116,columnNumber:3},this),`\n`]},void 0,!0,{fileName:\"F:\\\\portfolio v2\\\\portfolio-v2\\\\posts\\\\_mdx_bundler_entry_point-2e205166-b504-4dce-8abd-5bed63f57ad3.mdx\",lineNumber:116,columnNumber:1},this),`\n`]},void 0,!0,{fileName:\"F:\\\\portfolio v2\\\\portfolio-v2\\\\posts\\\\_mdx_bundler_entry_point-2e205166-b504-4dce-8abd-5bed63f57ad3.mdx\",lineNumber:108,columnNumber:1},this),`\n`,(0,n.jsxDEV)(e.p,{children:(0,n.jsxDEV)(e.strong,{children:\"f. India \\u2013 Serangan Waspada ATM (2018)\"},void 0,!1,{fileName:\"F:\\\\portfolio v2\\\\portfolio-v2\\\\posts\\\\_mdx_bundler_entry_point-2e205166-b504-4dce-8abd-5bed63f57ad3.mdx\",lineNumber:118,columnNumber:1},this)},void 0,!1,{fileName:\"F:\\\\portfolio v2\\\\portfolio-v2\\\\posts\\\\_mdx_bundler_entry_point-2e205166-b504-4dce-8abd-5bed63f57ad3.mdx\",lineNumber:118,columnNumber:1},this),`\n`,(0,n.jsxDEV)(e.ul,{children:[`\n`,(0,n.jsxDEV)(e.li,{children:[`\n`,(0,n.jsxDEV)(e.p,{children:[(0,n.jsxDEV)(e.strong,{children:\"Jenis Serangan\"},void 0,!1,{fileName:\"F:\\\\portfolio v2\\\\portfolio-v2\\\\posts\\\\_mdx_bundler_entry_point-2e205166-b504-4dce-8abd-5bed63f57ad3.mdx\",lineNumber:120,columnNumber:3},this),\": Fraud dan Phishing\"]},void 0,!0,{fileName:\"F:\\\\portfolio v2\\\\portfolio-v2\\\\posts\\\\_mdx_bundler_entry_point-2e205166-b504-4dce-8abd-5bed63f57ad3.mdx\",lineNumber:120,columnNumber:3},this),`\n`]},void 0,!0,{fileName:\"F:\\\\portfolio v2\\\\portfolio-v2\\\\posts\\\\_mdx_bundler_entry_point-2e205166-b504-4dce-8abd-5bed63f57ad3.mdx\",lineNumber:120,columnNumber:1},this),`\n`,(0,n.jsxDEV)(e.li,{children:[`\n`,(0,n.jsxDEV)(e.p,{children:[(0,n.jsxDEV)(e.strong,{children:\"Target Serangan\"},void 0,!1,{fileName:\"F:\\\\portfolio v2\\\\portfolio-v2\\\\posts\\\\_mdx_bundler_entry_point-2e205166-b504-4dce-8abd-5bed63f57ad3.mdx\",lineNumber:122,columnNumber:3},this),\": Bank dan lembaga keuangan India.\"]},void 0,!0,{fileName:\"F:\\\\portfolio v2\\\\portfolio-v2\\\\posts\\\\_mdx_bundler_entry_point-2e205166-b504-4dce-8abd-5bed63f57ad3.mdx\",lineNumber:122,columnNumber:3},this),`\n`]},void 0,!0,{fileName:\"F:\\\\portfolio v2\\\\portfolio-v2\\\\posts\\\\_mdx_bundler_entry_point-2e205166-b504-4dce-8abd-5bed63f57ad3.mdx\",lineNumber:122,columnNumber:1},this),`\n`,(0,n.jsxDEV)(e.li,{children:[`\n`,(0,n.jsxDEV)(e.p,{children:[(0,n.jsxDEV)(e.strong,{children:\"Deskripsi\"},void 0,!1,{fileName:\"F:\\\\portfolio v2\\\\portfolio-v2\\\\posts\\\\_mdx_bundler_entry_point-2e205166-b504-4dce-8abd-5bed63f57ad3.mdx\",lineNumber:124,columnNumber:3},this),\": Serangan besar-besaran ini menyebabkan kebocoran data lebih dari 32 juta kartu bank.\"]},void 0,!0,{fileName:\"F:\\\\portfolio v2\\\\portfolio-v2\\\\posts\\\\_mdx_bundler_entry_point-2e205166-b504-4dce-8abd-5bed63f57ad3.mdx\",lineNumber:124,columnNumber:3},this),`\n`]},void 0,!0,{fileName:\"F:\\\\portfolio v2\\\\portfolio-v2\\\\posts\\\\_mdx_bundler_entry_point-2e205166-b504-4dce-8abd-5bed63f57ad3.mdx\",lineNumber:124,columnNumber:1},this),`\n`,(0,n.jsxDEV)(e.li,{children:[`\n`,(0,n.jsxDEV)(e.p,{children:[(0,n.jsxDEV)(e.strong,{children:\"Antisipasi\"},void 0,!1,{fileName:\"F:\\\\portfolio v2\\\\portfolio-v2\\\\posts\\\\_mdx_bundler_entry_point-2e205166-b504-4dce-8abd-5bed63f57ad3.mdx\",lineNumber:126,columnNumber:3},this),\": India meningkatkan pengamanan bank dan teknologi deteksi fraud.\"]},void 0,!0,{fileName:\"F:\\\\portfolio v2\\\\portfolio-v2\\\\posts\\\\_mdx_bundler_entry_point-2e205166-b504-4dce-8abd-5bed63f57ad3.mdx\",lineNumber:126,columnNumber:3},this),`\n`]},void 0,!0,{fileName:\"F:\\\\portfolio v2\\\\portfolio-v2\\\\posts\\\\_mdx_bundler_entry_point-2e205166-b504-4dce-8abd-5bed63f57ad3.mdx\",lineNumber:126,columnNumber:1},this),`\n`,(0,n.jsxDEV)(e.li,{children:[`\n`,(0,n.jsxDEV)(e.p,{children:[(0,n.jsxDEV)(e.strong,{children:\"Waktu dan Sumber Berita\"},void 0,!1,{fileName:\"F:\\\\portfolio v2\\\\portfolio-v2\\\\posts\\\\_mdx_bundler_entry_point-2e205166-b504-4dce-8abd-5bed63f57ad3.mdx\",lineNumber:128,columnNumber:3},this),\": Oktober 2018, The Economic Times.\"]},void 0,!0,{fileName:\"F:\\\\portfolio v2\\\\portfolio-v2\\\\posts\\\\_mdx_bundler_entry_point-2e205166-b504-4dce-8abd-5bed63f57ad3.mdx\",lineNumber:128,columnNumber:3},this),`\n`]},void 0,!0,{fileName:\"F:\\\\portfolio v2\\\\portfolio-v2\\\\posts\\\\_mdx_bundler_entry_point-2e205166-b504-4dce-8abd-5bed63f57ad3.mdx\",lineNumber:128,columnNumber:1},this),`\n`]},void 0,!0,{fileName:\"F:\\\\portfolio v2\\\\portfolio-v2\\\\posts\\\\_mdx_bundler_entry_point-2e205166-b504-4dce-8abd-5bed63f57ad3.mdx\",lineNumber:120,columnNumber:1},this),`\n`,(0,n.jsxDEV)(e.p,{children:(0,n.jsxDEV)(e.strong,{children:\"g. Inggris \\u2013 Serangan WannaCry Ransomware (2017)\"},void 0,!1,{fileName:\"F:\\\\portfolio v2\\\\portfolio-v2\\\\posts\\\\_mdx_bundler_entry_point-2e205166-b504-4dce-8abd-5bed63f57ad3.mdx\",lineNumber:130,columnNumber:1},this)},void 0,!1,{fileName:\"F:\\\\portfolio v2\\\\portfolio-v2\\\\posts\\\\_mdx_bundler_entry_point-2e205166-b504-4dce-8abd-5bed63f57ad3.mdx\",lineNumber:130,columnNumber:1},this),`\n`,(0,n.jsxDEV)(e.ul,{children:[`\n`,(0,n.jsxDEV)(e.li,{children:[`\n`,(0,n.jsxDEV)(e.p,{children:[(0,n.jsxDEV)(e.strong,{children:\"Jenis Serangan\"},void 0,!1,{fileName:\"F:\\\\portfolio v2\\\\portfolio-v2\\\\posts\\\\_mdx_bundler_entry_point-2e205166-b504-4dce-8abd-5bed63f57ad3.mdx\",lineNumber:132,columnNumber:3},this),\": Ransomware\"]},void 0,!0,{fileName:\"F:\\\\portfolio v2\\\\portfolio-v2\\\\posts\\\\_mdx_bundler_entry_point-2e205166-b504-4dce-8abd-5bed63f57ad3.mdx\",lineNumber:132,columnNumber:3},this),`\n`]},void 0,!0,{fileName:\"F:\\\\portfolio v2\\\\portfolio-v2\\\\posts\\\\_mdx_bundler_entry_point-2e205166-b504-4dce-8abd-5bed63f57ad3.mdx\",lineNumber:132,columnNumber:1},this),`\n`,(0,n.jsxDEV)(e.li,{children:[`\n`,(0,n.jsxDEV)(e.p,{children:[(0,n.jsxDEV)(e.strong,{children:\"Target Serangan\"},void 0,!1,{fileName:\"F:\\\\portfolio v2\\\\portfolio-v2\\\\posts\\\\_mdx_bundler_entry_point-2e205166-b504-4dce-8abd-5bed63f57ad3.mdx\",lineNumber:134,columnNumber:3},this),\": National Health Service (NHS) Inggris.\"]},void 0,!0,{fileName:\"F:\\\\portfolio v2\\\\portfolio-v2\\\\posts\\\\_mdx_bundler_entry_point-2e205166-b504-4dce-8abd-5bed63f57ad3.mdx\",lineNumber:134,columnNumber:3},this),`\n`]},void 0,!0,{fileName:\"F:\\\\portfolio v2\\\\portfolio-v2\\\\posts\\\\_mdx_bundler_entry_point-2e205166-b504-4dce-8abd-5bed63f57ad3.mdx\",lineNumber:134,columnNumber:1},this),`\n`,(0,n.jsxDEV)(e.li,{children:[`\n`,(0,n.jsxDEV)(e.p,{children:[(0,n.jsxDEV)(e.strong,{children:\"Deskripsi\"},void 0,!1,{fileName:\"F:\\\\portfolio v2\\\\portfolio-v2\\\\posts\\\\_mdx_bundler_entry_point-2e205166-b504-4dce-8abd-5bed63f57ad3.mdx\",lineNumber:136,columnNumber:3},this),\": Serangan ransomware WannaCry melumpuhkan rumah sakit dan menyebabkan gangguan besar dalam pelayanan kesehatan.\"]},void 0,!0,{fileName:\"F:\\\\portfolio v2\\\\portfolio-v2\\\\posts\\\\_mdx_bundler_entry_point-2e205166-b504-4dce-8abd-5bed63f57ad3.mdx\",lineNumber:136,columnNumber:3},this),`\n`]},void 0,!0,{fileName:\"F:\\\\portfolio v2\\\\portfolio-v2\\\\posts\\\\_mdx_bundler_entry_point-2e205166-b504-4dce-8abd-5bed63f57ad3.mdx\",lineNumber:136,columnNumber:1},this),`\n`,(0,n.jsxDEV)(e.li,{children:[`\n`,(0,n.jsxDEV)(e.p,{children:[(0,n.jsxDEV)(e.strong,{children:\"Antisipasi\"},void 0,!1,{fileName:\"F:\\\\portfolio v2\\\\portfolio-v2\\\\posts\\\\_mdx_bundler_entry_point-2e205166-b504-4dce-8abd-5bed63f57ad3.mdx\",lineNumber:138,columnNumber:3},this),\": NHS dan pemerintah Inggris memperbarui sistem operasi dan memperkuat pertahanan digital.\"]},void 0,!0,{fileName:\"F:\\\\portfolio v2\\\\portfolio-v2\\\\posts\\\\_mdx_bundler_entry_point-2e205166-b504-4dce-8abd-5bed63f57ad3.mdx\",lineNumber:138,columnNumber:3},this),`\n`]},void 0,!0,{fileName:\"F:\\\\portfolio v2\\\\portfolio-v2\\\\posts\\\\_mdx_bundler_entry_point-2e205166-b504-4dce-8abd-5bed63f57ad3.mdx\",lineNumber:138,columnNumber:1},this),`\n`,(0,n.jsxDEV)(e.li,{children:[`\n`,(0,n.jsxDEV)(e.p,{children:[(0,n.jsxDEV)(e.strong,{children:\"Waktu dan Sumber Berita\"},void 0,!1,{fileName:\"F:\\\\portfolio v2\\\\portfolio-v2\\\\posts\\\\_mdx_bundler_entry_point-2e205166-b504-4dce-8abd-5bed63f57ad3.mdx\",lineNumber:140,columnNumber:3},this),\": Mei 2017, BBC News.\"]},void 0,!0,{fileName:\"F:\\\\portfolio v2\\\\portfolio-v2\\\\posts\\\\_mdx_bundler_entry_point-2e205166-b504-4dce-8abd-5bed63f57ad3.mdx\",lineNumber:140,columnNumber:3},this),`\n`]},void 0,!0,{fileName:\"F:\\\\portfolio v2\\\\portfolio-v2\\\\posts\\\\_mdx_bundler_entry_point-2e205166-b504-4dce-8abd-5bed63f57ad3.mdx\",lineNumber:140,columnNumber:1},this),`\n`]},void 0,!0,{fileName:\"F:\\\\portfolio v2\\\\portfolio-v2\\\\posts\\\\_mdx_bundler_entry_point-2e205166-b504-4dce-8abd-5bed63f57ad3.mdx\",lineNumber:132,columnNumber:1},this),`\n`,(0,n.jsxDEV)(e.p,{children:(0,n.jsxDEV)(e.strong,{children:\"h. Jerman \\u2013 Serangan Bundestag (2015)\"},void 0,!1,{fileName:\"F:\\\\portfolio v2\\\\portfolio-v2\\\\posts\\\\_mdx_bundler_entry_point-2e205166-b504-4dce-8abd-5bed63f57ad3.mdx\",lineNumber:142,columnNumber:1},this)},void 0,!1,{fileName:\"F:\\\\portfolio v2\\\\portfolio-v2\\\\posts\\\\_mdx_bundler_entry_point-2e205166-b504-4dce-8abd-5bed63f57ad3.mdx\",lineNumber:142,columnNumber:1},this),`\n`,(0,n.jsxDEV)(e.ul,{children:[`\n`,(0,n.jsxDEV)(e.li,{children:[`\n`,(0,n.jsxDEV)(e.p,{children:[(0,n.jsxDEV)(e.strong,{children:\"Jenis Serangan\"},void 0,!1,{fileName:\"F:\\\\portfolio v2\\\\portfolio-v2\\\\posts\\\\_mdx_bundler_entry_point-2e205166-b504-4dce-8abd-5bed63f57ad3.mdx\",lineNumber:144,columnNumber:3},this),\": Cyber Espionage\"]},void 0,!0,{fileName:\"F:\\\\portfolio v2\\\\portfolio-v2\\\\posts\\\\_mdx_bundler_entry_point-2e205166-b504-4dce-8abd-5bed63f57ad3.mdx\",lineNumber:144,columnNumber:3},this),`\n`]},void 0,!0,{fileName:\"F:\\\\portfolio v2\\\\portfolio-v2\\\\posts\\\\_mdx_bundler_entry_point-2e205166-b504-4dce-8abd-5bed63f57ad3.mdx\",lineNumber:144,columnNumber:1},this),`\n`,(0,n.jsxDEV)(e.li,{children:[`\n`,(0,n.jsxDEV)(e.p,{children:[(0,n.jsxDEV)(e.strong,{children:\"Target Serangan\"},void 0,!1,{fileName:\"F:\\\\portfolio v2\\\\portfolio-v2\\\\posts\\\\_mdx_bundler_entry_point-2e205166-b504-4dce-8abd-5bed63f57ad3.mdx\",lineNumber:146,columnNumber:3},this),\": Parlemen Jerman (Bundestag).\"]},void 0,!0,{fileName:\"F:\\\\portfolio v2\\\\portfolio-v2\\\\posts\\\\_mdx_bundler_entry_point-2e205166-b504-4dce-8abd-5bed63f57ad3.mdx\",lineNumber:146,columnNumber:3},this),`\n`]},void 0,!0,{fileName:\"F:\\\\portfolio v2\\\\portfolio-v2\\\\posts\\\\_mdx_bundler_entry_point-2e205166-b504-4dce-8abd-5bed63f57ad3.mdx\",lineNumber:146,columnNumber:1},this),`\n`,(0,n.jsxDEV)(e.li,{children:[`\n`,(0,n.jsxDEV)(e.p,{children:[(0,n.jsxDEV)(e.strong,{children:\"Deskripsi\"},void 0,!1,{fileName:\"F:\\\\portfolio v2\\\\portfolio-v2\\\\posts\\\\_mdx_bundler_entry_point-2e205166-b504-4dce-8abd-5bed63f57ad3.mdx\",lineNumber:148,columnNumber:3},this),\": Serangan cyber berhasil mengakses data sensitif milik anggota parlemen Jerman.\"]},void 0,!0,{fileName:\"F:\\\\portfolio v2\\\\portfolio-v2\\\\posts\\\\_mdx_bundler_entry_point-2e205166-b504-4dce-8abd-5bed63f57ad3.mdx\",lineNumber:148,columnNumber:3},this),`\n`]},void 0,!0,{fileName:\"F:\\\\portfolio v2\\\\portfolio-v2\\\\posts\\\\_mdx_bundler_entry_point-2e205166-b504-4dce-8abd-5bed63f57ad3.mdx\",lineNumber:148,columnNumber:1},this),`\n`,(0,n.jsxDEV)(e.li,{children:[`\n`,(0,n.jsxDEV)(e.p,{children:[(0,n.jsxDEV)(e.strong,{children:\"Antisipasi\"},void 0,!1,{fileName:\"F:\\\\portfolio v2\\\\portfolio-v2\\\\posts\\\\_mdx_bundler_entry_point-2e205166-b504-4dce-8abd-5bed63f57ad3.mdx\",lineNumber:150,columnNumber:3},this),\": Penguatan sistem keamanan di parlemen dan peningkatan kewaspadaan terhadap ancaman cyber.\"]},void 0,!0,{fileName:\"F:\\\\portfolio v2\\\\portfolio-v2\\\\posts\\\\_mdx_bundler_entry_point-2e205166-b504-4dce-8abd-5bed63f57ad3.mdx\",lineNumber:150,columnNumber:3},this),`\n`]},void 0,!0,{fileName:\"F:\\\\portfolio v2\\\\portfolio-v2\\\\posts\\\\_mdx_bundler_entry_point-2e205166-b504-4dce-8abd-5bed63f57ad3.mdx\",lineNumber:150,columnNumber:1},this),`\n`,(0,n.jsxDEV)(e.li,{children:[`\n`,(0,n.jsxDEV)(e.p,{children:[(0,n.jsxDEV)(e.strong,{children:\"Waktu dan Sumber Berita\"},void 0,!1,{fileName:\"F:\\\\portfolio v2\\\\portfolio-v2\\\\posts\\\\_mdx_bundler_entry_point-2e205166-b504-4dce-8abd-5bed63f57ad3.mdx\",lineNumber:152,columnNumber:3},this),\": Mei 2015, Deutsche Welle.\"]},void 0,!0,{fileName:\"F:\\\\portfolio v2\\\\portfolio-v2\\\\posts\\\\_mdx_bundler_entry_point-2e205166-b504-4dce-8abd-5bed63f57ad3.mdx\",lineNumber:152,columnNumber:3},this),`\n`]},void 0,!0,{fileName:\"F:\\\\portfolio v2\\\\portfolio-v2\\\\posts\\\\_mdx_bundler_entry_point-2e205166-b504-4dce-8abd-5bed63f57ad3.mdx\",lineNumber:152,columnNumber:1},this),`\n`]},void 0,!0,{fileName:\"F:\\\\portfolio v2\\\\portfolio-v2\\\\posts\\\\_mdx_bundler_entry_point-2e205166-b504-4dce-8abd-5bed63f57ad3.mdx\",lineNumber:144,columnNumber:1},this),`\n`,(0,n.jsxDEV)(e.p,{children:(0,n.jsxDEV)(e.strong,{children:\"i. Australia \\u2013 Serangan pada Sistem Pemerintahan (2020)\"},void 0,!1,{fileName:\"F:\\\\portfolio v2\\\\portfolio-v2\\\\posts\\\\_mdx_bundler_entry_point-2e205166-b504-4dce-8abd-5bed63f57ad3.mdx\",lineNumber:154,columnNumber:1},this)},void 0,!1,{fileName:\"F:\\\\portfolio v2\\\\portfolio-v2\\\\posts\\\\_mdx_bundler_entry_point-2e205166-b504-4dce-8abd-5bed63f57ad3.mdx\",lineNumber:154,columnNumber:1},this),`\n`,(0,n.jsxDEV)(e.ul,{children:[`\n`,(0,n.jsxDEV)(e.li,{children:[`\n`,(0,n.jsxDEV)(e.p,{children:[(0,n.jsxDEV)(e.strong,{children:\"Jenis Serangan\"},void 0,!1,{fileName:\"F:\\\\portfolio v2\\\\portfolio-v2\\\\posts\\\\_mdx_bundler_entry_point-2e205166-b504-4dce-8abd-5bed63f57ad3.mdx\",lineNumber:156,columnNumber:3},this),\": Cyber Espionage\"]},void 0,!0,{fileName:\"F:\\\\portfolio v2\\\\portfolio-v2\\\\posts\\\\_mdx_bundler_entry_point-2e205166-b504-4dce-8abd-5bed63f57ad3.mdx\",lineNumber:156,columnNumber:3},this),`\n`]},void 0,!0,{fileName:\"F:\\\\portfolio v2\\\\portfolio-v2\\\\posts\\\\_mdx_bundler_entry_point-2e205166-b504-4dce-8abd-5bed63f57ad3.mdx\",lineNumber:156,columnNumber:1},this),`\n`,(0,n.jsxDEV)(e.li,{children:[`\n`,(0,n.jsxDEV)(e.p,{children:[(0,n.jsxDEV)(e.strong,{children:\"Target Serangan\"},void 0,!1,{fileName:\"F:\\\\portfolio v2\\\\portfolio-v2\\\\posts\\\\_mdx_bundler_entry_point-2e205166-b504-4dce-8abd-5bed63f57ad3.mdx\",lineNumber:158,columnNumber:3},this),\": Jaringan pemerintah dan organisasi utama Australia.\"]},void 0,!0,{fileName:\"F:\\\\portfolio v2\\\\portfolio-v2\\\\posts\\\\_mdx_bundler_entry_point-2e205166-b504-4dce-8abd-5bed63f57ad3.mdx\",lineNumber:158,columnNumber:3},this),`\n`]},void 0,!0,{fileName:\"F:\\\\portfolio v2\\\\portfolio-v2\\\\posts\\\\_mdx_bundler_entry_point-2e205166-b504-4dce-8abd-5bed63f57ad3.mdx\",lineNumber:158,columnNumber:1},this),`\n`,(0,n.jsxDEV)(e.li,{children:[`\n`,(0,n.jsxDEV)(e.p,{children:[(0,n.jsxDEV)(e.strong,{children:\"Deskripsi\"},void 0,!1,{fileName:\"F:\\\\portfolio v2\\\\portfolio-v2\\\\posts\\\\_mdx_bundler_entry_point-2e205166-b504-4dce-8abd-5bed63f57ad3.mdx\",lineNumber:160,columnNumber:3},this),\": Serangan yang kompleks ini diduga melibatkan aktor negara dan menyasar lembaga pemerintahan.\"]},void 0,!0,{fileName:\"F:\\\\portfolio v2\\\\portfolio-v2\\\\posts\\\\_mdx_bundler_entry_point-2e205166-b504-4dce-8abd-5bed63f57ad3.mdx\",lineNumber:160,columnNumber:3},this),`\n`]},void 0,!0,{fileName:\"F:\\\\portfolio v2\\\\portfolio-v2\\\\posts\\\\_mdx_bundler_entry_point-2e205166-b504-4dce-8abd-5bed63f57ad3.mdx\",lineNumber:160,columnNumber:1},this),`\n`,(0,n.jsxDEV)(e.li,{children:[`\n`,(0,n.jsxDEV)(e.p,{children:[(0,n.jsxDEV)(e.strong,{children:\"Antisipasi\"},void 0,!1,{fileName:\"F:\\\\portfolio v2\\\\portfolio-v2\\\\posts\\\\_mdx_bundler_entry_point-2e205166-b504-4dce-8abd-5bed63f57ad3.mdx\",lineNumber:162,columnNumber:3},this),\": Peningkatan kolaborasi dengan sekutu untuk memperkuat pertahanan cyber Australia.\"]},void 0,!0,{fileName:\"F:\\\\portfolio v2\\\\portfolio-v2\\\\posts\\\\_mdx_bundler_entry_point-2e205166-b504-4dce-8abd-5bed63f57ad3.mdx\",lineNumber:162,columnNumber:3},this),`\n`]},void 0,!0,{fileName:\"F:\\\\portfolio v2\\\\portfolio-v2\\\\posts\\\\_mdx_bundler_entry_point-2e205166-b504-4dce-8abd-5bed63f57ad3.mdx\",lineNumber:162,columnNumber:1},this),`\n`,(0,n.jsxDEV)(e.li,{children:[`\n`,(0,n.jsxDEV)(e.p,{children:[(0,n.jsxDEV)(e.strong,{children:\"Waktu dan Sumber Berita\"},void 0,!1,{fileName:\"F:\\\\portfolio v2\\\\portfolio-v2\\\\posts\\\\_mdx_bundler_entry_point-2e205166-b504-4dce-8abd-5bed63f57ad3.mdx\",lineNumber:164,columnNumber:3},this),\": Juni 2020, The Guardian.\"]},void 0,!0,{fileName:\"F:\\\\portfolio v2\\\\portfolio-v2\\\\posts\\\\_mdx_bundler_entry_point-2e205166-b504-4dce-8abd-5bed63f57ad3.mdx\",lineNumber:164,columnNumber:3},this),`\n`]},void 0,!0,{fileName:\"F:\\\\portfolio v2\\\\portfolio-v2\\\\posts\\\\_mdx_bundler_entry_point-2e205166-b504-4dce-8abd-5bed63f57ad3.mdx\",lineNumber:164,columnNumber:1},this),`\n`]},void 0,!0,{fileName:\"F:\\\\portfolio v2\\\\portfolio-v2\\\\posts\\\\_mdx_bundler_entry_point-2e205166-b504-4dce-8abd-5bed63f57ad3.mdx\",lineNumber:156,columnNumber:1},this),`\n`,(0,n.jsxDEV)(e.p,{children:(0,n.jsxDEV)(e.strong,{children:\"j. Kanada \\u2013 Serangan pada Sektor Energi (2021)\"},void 0,!1,{fileName:\"F:\\\\portfolio v2\\\\portfolio-v2\\\\posts\\\\_mdx_bundler_entry_point-2e205166-b504-4dce-8abd-5bed63f57ad3.mdx\",lineNumber:166,columnNumber:1},this)},void 0,!1,{fileName:\"F:\\\\portfolio v2\\\\portfolio-v2\\\\posts\\\\_mdx_bundler_entry_point-2e205166-b504-4dce-8abd-5bed63f57ad3.mdx\",lineNumber:166,columnNumber:1},this),`\n`,(0,n.jsxDEV)(e.ul,{children:[`\n`,(0,n.jsxDEV)(e.li,{children:[`\n`,(0,n.jsxDEV)(e.p,{children:[(0,n.jsxDEV)(e.strong,{children:\"Jenis Serangan\"},void 0,!1,{fileName:\"F:\\\\portfolio v2\\\\portfolio-v2\\\\posts\\\\_mdx_bundler_entry_point-2e205166-b504-4dce-8abd-5bed63f57ad3.mdx\",lineNumber:168,columnNumber:3},this),\": Ransomware\"]},void 0,!0,{fileName:\"F:\\\\portfolio v2\\\\portfolio-v2\\\\posts\\\\_mdx_bundler_entry_point-2e205166-b504-4dce-8abd-5bed63f57ad3.mdx\",lineNumber:168,columnNumber:3},this),`\n`]},void 0,!0,{fileName:\"F:\\\\portfolio v2\\\\portfolio-v2\\\\posts\\\\_mdx_bundler_entry_point-2e205166-b504-4dce-8abd-5bed63f57ad3.mdx\",lineNumber:168,columnNumber:1},this),`\n`,(0,n.jsxDEV)(e.li,{children:[`\n`,(0,n.jsxDEV)(e.p,{children:[(0,n.jsxDEV)(e.strong,{children:\"Target Serangan\"},void 0,!1,{fileName:\"F:\\\\portfolio v2\\\\portfolio-v2\\\\posts\\\\_mdx_bundler_entry_point-2e205166-b504-4dce-8abd-5bed63f57ad3.mdx\",lineNumber:170,columnNumber:3},this),\": Jaringan pipa dan infrastruktur energi Kanada.\"]},void 0,!0,{fileName:\"F:\\\\portfolio v2\\\\portfolio-v2\\\\posts\\\\_mdx_bundler_entry_point-2e205166-b504-4dce-8abd-5bed63f57ad3.mdx\",lineNumber:170,columnNumber:3},this),`\n`]},void 0,!0,{fileName:\"F:\\\\portfolio v2\\\\portfolio-v2\\\\posts\\\\_mdx_bundler_entry_point-2e205166-b504-4dce-8abd-5bed63f57ad3.mdx\",lineNumber:170,columnNumber:1},this),`\n`,(0,n.jsxDEV)(e.li,{children:[`\n`,(0,n.jsxDEV)(e.p,{children:[(0,n.jsxDEV)(e.strong,{children:\"Deskripsi\"},void 0,!1,{fileName:\"F:\\\\portfolio v2\\\\portfolio-v2\\\\posts\\\\_mdx_bundler_entry_point-2e205166-b504-4dce-8abd-5bed63f57ad3.mdx\",lineNumber:172,columnNumber:3},this),\": Serangan ransomware melumpuhkan jaringan energi dan menimbulkan gangguan operasional.\"]},void 0,!0,{fileName:\"F:\\\\portfolio v2\\\\portfolio-v2\\\\posts\\\\_mdx_bundler_entry_point-2e205166-b504-4dce-8abd-5bed63f57ad3.mdx\",lineNumber:172,columnNumber:3},this),`\n`]},void 0,!0,{fileName:\"F:\\\\portfolio v2\\\\portfolio-v2\\\\posts\\\\_mdx_bundler_entry_point-2e205166-b504-4dce-8abd-5bed63f57ad3.mdx\",lineNumber:172,columnNumber:1},this),`\n`,(0,n.jsxDEV)(e.li,{children:[`\n`,(0,n.jsxDEV)(e.p,{children:[(0,n.jsxDEV)(e.strong,{children:\"Antisipasi\"},void 0,!1,{fileName:\"F:\\\\portfolio v2\\\\portfolio-v2\\\\posts\\\\_mdx_bundler_entry_point-2e205166-b504-4dce-8abd-5bed63f57ad3.mdx\",lineNumber:174,columnNumber:3},this),\": Kanada meningkatkan keamanan jaringan energi dan berinvestasi dalam teknologi pertahanan cyber.\"]},void 0,!0,{fileName:\"F:\\\\portfolio v2\\\\portfolio-v2\\\\posts\\\\_mdx_bundler_entry_point-2e205166-b504-4dce-8abd-5bed63f57ad3.mdx\",lineNumber:174,columnNumber:3},this),`\n`]},void 0,!0,{fileName:\"F:\\\\portfolio v2\\\\portfolio-v2\\\\posts\\\\_mdx_bundler_entry_point-2e205166-b504-4dce-8abd-5bed63f57ad3.mdx\",lineNumber:174,columnNumber:1},this),`\n`,(0,n.jsxDEV)(e.li,{children:[`\n`,(0,n.jsxDEV)(e.p,{children:[(0,n.jsxDEV)(e.strong,{children:\"Waktu dan Sumber Berita\"},void 0,!1,{fileName:\"F:\\\\portfolio v2\\\\portfolio-v2\\\\posts\\\\_mdx_bundler_entry_point-2e205166-b504-4dce-8abd-5bed63f57ad3.mdx\",lineNumber:176,columnNumber:3},this),\": Maret 2021, CBC News.\"]},void 0,!0,{fileName:\"F:\\\\portfolio v2\\\\portfolio-v2\\\\posts\\\\_mdx_bundler_entry_point-2e205166-b504-4dce-8abd-5bed63f57ad3.mdx\",lineNumber:176,columnNumber:3},this),`\n`]},void 0,!0,{fileName:\"F:\\\\portfolio v2\\\\portfolio-v2\\\\posts\\\\_mdx_bundler_entry_point-2e205166-b504-4dce-8abd-5bed63f57ad3.mdx\",lineNumber:176,columnNumber:1},this),`\n`]},void 0,!0,{fileName:\"F:\\\\portfolio v2\\\\portfolio-v2\\\\posts\\\\_mdx_bundler_entry_point-2e205166-b504-4dce-8abd-5bed63f57ad3.mdx\",lineNumber:168,columnNumber:1},this),`\n`,(0,n.jsxDEV)(e.p,{children:[\"Go back \",(0,n.jsxDEV)(e.a,{href:\"/\",children:\"Home\"},void 0,!1,{fileName:\"F:\\\\portfolio v2\\\\portfolio-v2\\\\posts\\\\_mdx_bundler_entry_point-2e205166-b504-4dce-8abd-5bed63f57ad3.mdx\",lineNumber:178,columnNumber:9},this),\".\"]},void 0,!0,{fileName:\"F:\\\\portfolio v2\\\\portfolio-v2\\\\posts\\\\_mdx_bundler_entry_point-2e205166-b504-4dce-8abd-5bed63f57ad3.mdx\",lineNumber:178,columnNumber:1},this)]},void 0,!0,{fileName:\"F:\\\\portfolio v2\\\\portfolio-v2\\\\posts\\\\_mdx_bundler_entry_point-2e205166-b504-4dce-8abd-5bed63f57ad3.mdx\",lineNumber:1,columnNumber:1},this)}function vn(u={}){let{wrapper:e}=u.components||{};return e?(0,n.jsxDEV)(e,Object.assign({},u,{children:(0,n.jsxDEV)(we,u,void 0,!1,{fileName:\"F:\\\\portfolio v2\\\\portfolio-v2\\\\posts\\\\_mdx_bundler_entry_point-2e205166-b504-4dce-8abd-5bed63f57ad3.mdx\"},this)}),void 0,!1,{fileName:\"F:\\\\portfolio v2\\\\portfolio-v2\\\\posts\\\\_mdx_bundler_entry_point-2e205166-b504-4dce-8abd-5bed63f57ad3.mdx\"},this):we(u)}var hn=vn;function xn(u,e,s){throw new Error(\"Expected \"+(e?\"component\":\"object\")+\" `\"+u+\"` to be defined: you likely forgot to import, pass, or provide it.\"+(s?\"\\nIt\\u2019s referenced in your code at `\"+s+\"` in `F:\\\\portfolio v2\\\\portfolio-v2\\\\posts\\\\_mdx_bundler_entry_point-2e205166-b504-4dce-8abd-5bed63f57ad3.mdx`\":\"\"))}return _n(gn);})();\n/*! Bundled license information:\n\nreact/cjs/react-jsx-dev-runtime.development.js:\n  (**\n   * @license React\n   * react-jsx-dev-runtime.development.js\n   *\n   * Copyright (c) Facebook, Inc. and its affiliates.\n   *\n   * This source code is licensed under the MIT license found in the\n   * LICENSE file in the root directory of this source tree.\n   *)\n*/\n;return Component;"
  },
  "_id": "serangan-cyber.mdx",
  "_raw": {
    "sourceFilePath": "serangan-cyber.mdx",
    "sourceFileName": "serangan-cyber.mdx",
    "sourceFileDir": ".",
    "contentType": "mdx",
    "flattenedPath": "serangan-cyber"
  },
  "type": "Post",
  "url": "blog/posts/serangan-cyber"
}